Instrument Token,Exchange Token,Trading Symbol,Name,Last Price,Expiry,Strike,Tick Size,Lot Size,Instrument Type,Segment,Exchange,Expiry Date
13572610,53018,BANKNIFTY25OCT54300PE,"BANKNIFTY",0,2025-10-28,54300,0.05,35,PE,NFO-OPT,NFO,2025-10-28
13559810,52968,BANKNIFTY25OCT52700CE,"BANKNIFTY",0,2025-10-28,52700,0.05,35,CE,NFO-OPT,NFO,2025-10-28
15030274,58712,NIFTY25OCT22800PE,"NIFTY",0,2025-10-28,22800,0.05,75,PE,NFO-OPT,NFO,2025-10-28
13603842,53140,BANKNIFTY25OCT57500CE,"BANKNIFTY",0,2025-10-28,57500,0.05,35,CE,NFO-OPT,NFO,2025-10-28
15032066,58719,NIFTY25OCT22950PE,"NIFTY",0,2025-10-28,22950,0.05,75,PE,NFO-OPT,NFO,2025-10-28
13551874,52937,BANKNIFTY25OCT51200PE,"BANKNIFTY",0,2025-10-28,51200,0.05,35,PE,NFO-OPT,NFO,2025-10-28
10942466,42744,NIFTY25O1426200PE,"NIFTY",0,2025-10-14,26200,0.05,75,PE,NFO-OPT,NFO,2025-10-14
13605122,53145,BANKNIFTY25OCT57700PE,"BANKNIFTY",0,2025-10-28,57700,0.05,35,PE,NFO-OPT,NFO,2025-10-28
13562114,52977,BANKNIFTY25OCT53100PE,"BANKNIFTY",0,2025-10-28,53100,0.05,35,PE,NFO-OPT,NFO,2025-10-28
15110914,59027,NIFTY25OCT26150PE,"NIFTY",0,2025-10-28,26150,0.05,75,PE,NFO-OPT,NFO,2025-10-28
15094274,58962,NIFTY25OCT25750PE,"NIFTY",0,2025-10-28,25750,0.05,75,PE,NFO-OPT,NFO,2025-10-28
15036674,58737,NIFTY25OCT23250PE,"NIFTY",0,2025-10-28,23250,0.05,75,PE,NFO-OPT,NFO,2025-10-28
13558786,52964,BANKNIFTY25OCT52500CE,"BANKNIFTY",0,2025-10-28,52500,0.05,35,CE,NFO-OPT,NFO,2025-10-28
10893570,42553,NIFTY25O1423150PE,"NIFTY",0,2025-10-14,23150,0.05,75,PE,NFO-OPT,NFO,2025-10-14
15092738,58956,NIFTY25OCT25700CE,"NIFTY",0,2025-10-28,25700,0.05,75,CE,NFO-OPT,NFO,2025-10-28
10920194,42657,NIFTY25O1424750CE,"NIFTY",0,2025-10-14,24750,0.05,75,CE,NFO-OPT,NFO,2025-10-14
13556994,52957,BANKNIFTY25OCT52100PE,"BANKNIFTY",0,2025-10-28,52100,0.05,35,PE,NFO-OPT,NFO,2025-10-28
10929666,42694,NIFTY25O1425300PE,"NIFTY",0,2025-10-14,25300,0.05,75,PE,NFO-OPT,NFO,2025-10-14
13621506,53209,BANKNIFTY25OCT59000CE,"BANKNIFTY",0,2025-10-28,59000,0.05,35,CE,NFO-OPT,NFO,2025-10-28
15080962,58910,NIFTY25OCT25000PE,"NIFTY",0,2025-10-28,25000,0.05,75,PE,NFO-OPT,NFO,2025-10-28
13778690,53823,BANKNIFTY25OCT60700PE,"BANKNIFTY",0,2025-10-28,60700,0.05,35,PE,NFO-OPT,NFO,2025-10-28
10934786,42714,NIFTY25O1425600PE,"NIFTY",0,2025-10-14,25600,0.05,75,PE,NFO-OPT,NFO,2025-10-14
13539074,52887,BANKNIFTY25OCT49300PE,"BANKNIFTY",0,2025-10-28,49300,0.05,35,PE,NFO-OPT,NFO,2025-10-28
10942210,42743,NIFTY25O1426200CE,"NIFTY",0,2025-10-14,26200,0.05,75,CE,NFO-OPT,NFO,2025-10-14
13769218,53786,BANKNIFTY25OCT60400PE,"BANKNIFTY",0,2025-10-28,60400,0.05,35,PE,NFO-OPT,NFO,2025-10-28
15044610,58768,NIFTY25OCT24000CE,"NIFTY",0,2025-10-28,24000,0.05,75,CE,NFO-OPT,NFO,2025-10-28
13536002,52875,BANKNIFTY25OCT48900PE,"BANKNIFTY",0,2025-10-28,48900,0.05,35,PE,NFO-OPT,NFO,2025-10-28
10925058,42676,NIFTY25O1425000PE,"NIFTY",0,2025-10-14,25000,0.05,75,PE,NFO-OPT,NFO,2025-10-14
15083522,58920,NIFTY25OCT25050PE,"NIFTY",0,2025-10-28,25050,0.05,75,PE,NFO-OPT,NFO,2025-10-28
15094530,58963,NIFTY25OCT25800CE,"NIFTY",0,2025-10-28,25800,0.05,75,CE,NFO-OPT,NFO,2025-10-28
13521154,52817,BANKNIFTY25OCT47000PE,"BANKNIFTY",0,2025-10-28,47000,0.05,35,PE,NFO-OPT,NFO,2025-10-28
15078658,58901,NIFTY25OCT24900CE,"NIFTY",0,2025-10-28,24900,0.05,75,CE,NFO-OPT,NFO,2025-10-28
15109634,59022,NIFTY25OCT26100CE,"NIFTY",0,2025-10-28,26100,0.05,75,CE,NFO-OPT,NFO,2025-10-28
13595138,53106,BANKNIFTY25OCT56300CE,"BANKNIFTY",0,2025-10-28,56300,0.05,35,CE,NFO-OPT,NFO,2025-10-28
13569282,53005,BANKNIFTY25OCT54000CE,"BANKNIFTY",0,2025-10-28,54000,0.05,35,CE,NFO-OPT,NFO,2025-10-28
13557250,52958,BANKNIFTY25OCT52200CE,"BANKNIFTY",0,2025-10-28,52200,0.05,35,CE,NFO-OPT,NFO,2025-10-28
10918402,42650,NIFTY25O1424600PE,"NIFTY",0,2025-10-14,24600,0.05,75,PE,NFO-OPT,NFO,2025-10-14
13527554,52842,BANKNIFTY25OCT48000CE,"BANKNIFTY",0,2025-10-28,48000,0.05,35,CE,NFO-OPT,NFO,2025-10-28
13587458,53076,BANKNIFTY25OCT55000CE,"BANKNIFTY",0,2025-10-28,55000,0.05,35,CE,NFO-OPT,NFO,2025-10-28
13550082,52930,BANKNIFTY25OCT51000CE,"BANKNIFTY",0,2025-10-28,51000,0.05,35,CE,NFO-OPT,NFO,2025-10-28
13587714,53077,BANKNIFTY25OCT55000PE,"BANKNIFTY",0,2025-10-28,55000,0.05,35,PE,NFO-OPT,NFO,2025-10-28
13607682,53155,BANKNIFTY25OCT58000CE,"BANKNIFTY",0,2025-10-28,58000,0.05,35,CE,NFO-OPT,NFO,2025-10-28
13778178,53821,BANKNIFTY25OCT60600PE,"BANKNIFTY",0,2025-10-28,60600,0.05,35,PE,NFO-OPT,NFO,2025-10-28
10913282,42630,NIFTY25O1424300PE,"NIFTY",0,2025-10-14,24300,0.05,75,PE,NFO-OPT,NFO,2025-10-14
15106818,59011,NIFTY25OCT26050PE,"NIFTY",0,2025-10-28,26050,0.05,75,PE,NFO-OPT,NFO,2025-10-28
15046658,58776,NIFTY25OCT24200CE,"NIFTY",0,2025-10-28,24200,0.05,75,CE,NFO-OPT,NFO,2025-10-28
10892034,42547,NIFTY25O1423100CE,"NIFTY",0,2025-10-14,23100,0.05,75,CE,NFO-OPT,NFO,2025-10-14
13604866,53144,BANKNIFTY25OCT57700CE,"BANKNIFTY",0,2025-10-28,57700,0.05,35,CE,NFO-OPT,NFO,2025-10-28
10906370,42603,NIFTY25O1423850CE,"NIFTY",0,2025-10-14,23850,0.05,75,CE,NFO-OPT,NFO,2025-10-14
10921218,42661,NIFTY25O1424800CE,"NIFTY",0,2025-10-14,24800,0.05,75,CE,NFO-OPT,NFO,2025-10-14
13545730,52913,BANKNIFTY25OCT50100PE,"BANKNIFTY",0,2025-10-28,50100,0.05,35,PE,NFO-OPT,NFO,2025-10-28
13551362,52935,BANKNIFTY25OCT51100PE,"BANKNIFTY",0,2025-10-28,51100,0.05,35,PE,NFO-OPT,NFO,2025-10-28
15046914,58777,NIFTY25OCT24200PE,"NIFTY",0,2025-10-28,24200,0.05,75,PE,NFO-OPT,NFO,2025-10-28
13598210,53118,BANKNIFTY25OCT56900CE,"BANKNIFTY",0,2025-10-28,56900,0.05,35,CE,NFO-OPT,NFO,2025-10-28
10946306,42759,NIFTY25O1426500CE,"NIFTY",0,2025-10-14,26500,0.05,75,CE,NFO-OPT,NFO,2025-10-14
13510914,52777,BANKNIFTY25OCT46000PE,"BANKNIFTY",0,2025-10-28,46000,0.05,35,PE,NFO-OPT,NFO,2025-10-28
15116034,59047,NIFTY25OCT26450PE,"NIFTY",0,2025-10-28,26450,0.05,75,PE,NFO-OPT,NFO,2025-10-28
13619714,53202,BANKNIFTY25OCT58800PE,"BANKNIFTY",0,2025-10-28,58800,0.05,35,PE,NFO-OPT,NFO,2025-10-28
10905858,42601,NIFTY25O1423800CE,"NIFTY",0,2025-10-14,23800,0.05,75,CE,NFO-OPT,NFO,2025-10-14
15131906,59109,NIFTY25OCT26950CE,"NIFTY",0,2025-10-28,26950,0.05,75,CE,NFO-OPT,NFO,2025-10-28
15035906,58734,NIFTY25OCT23200CE,"NIFTY",0,2025-10-28,23200,0.05,75,CE,NFO-OPT,NFO,2025-10-28
10923266,42669,NIFTY25O1424900CE,"NIFTY",0,2025-10-14,24900,0.05,75,CE,NFO-OPT,NFO,2025-10-14
10923778,42671,NIFTY25O1424950CE,"NIFTY",0,2025-10-14,24950,0.05,75,CE,NFO-OPT,NFO,2025-10-14
15035394,58732,NIFTY25OCT23150CE,"NIFTY",0,2025-10-28,23150,0.05,75,CE,NFO-OPT,NFO,2025-10-28
13652994,53332,BANKNIFTY25OCT59300CE,"BANKNIFTY",0,2025-10-28,59300,0.05,35,CE,NFO-OPT,NFO,2025-10-28
13588994,53082,BANKNIFTY25OCT55300CE,"BANKNIFTY",0,2025-10-28,55300,0.05,35,CE,NFO-OPT,NFO,2025-10-28
13534210,52868,BANKNIFTY25OCT48700CE,"BANKNIFTY",0,2025-10-28,48700,0.05,35,CE,NFO-OPT,NFO,2025-10-28
13592834,53097,BANKNIFTY25OCT55900PE,"BANKNIFTY",0,2025-10-28,55900,0.05,35,PE,NFO-OPT,NFO,2025-10-28
13607938,53156,BANKNIFTY25OCT58000PE,"BANKNIFTY",0,2025-10-28,58000,0.05,35,PE,NFO-OPT,NFO,2025-10-28
15133186,59114,NIFTY25OCT27050PE,"NIFTY",0,2025-10-28,27050,0.05,75,PE,NFO-OPT,NFO,2025-10-28
10949634,42772,NIFTY25O1426750PE,"NIFTY",0,2025-10-14,26750,0.05,75,PE,NFO-OPT,NFO,2025-10-14
13549826,52929,BANKNIFTY25OCT50900PE,"BANKNIFTY",0,2025-10-28,50900,0.05,35,PE,NFO-OPT,NFO,2025-10-28
13649922,53320,BANKNIFTY25OCT59200CE,"BANKNIFTY",0,2025-10-28,59200,0.05,35,CE,NFO-OPT,NFO,2025-10-28
13570562,53010,BANKNIFTY25OCT54200PE,"BANKNIFTY",0,2025-10-28,54200,0.05,35,PE,NFO-OPT,NFO,2025-10-28
13553666,52944,BANKNIFTY25OCT51600CE,"BANKNIFTY",0,2025-10-28,51600,0.05,35,CE,NFO-OPT,NFO,2025-10-28
15129346,59099,NIFTY25OCT26700CE,"NIFTY",0,2025-10-28,26700,0.05,75,CE,NFO-OPT,NFO,2025-10-28
15042050,58758,NIFTY25OCT23750CE,"NIFTY",0,2025-10-28,23750,0.05,75,CE,NFO-OPT,NFO,2025-10-28
15044866,58769,NIFTY25OCT24000PE,"NIFTY",0,2025-10-28,24000,0.05,75,PE,NFO-OPT,NFO,2025-10-28
10899714,42577,NIFTY25O1423400CE,"NIFTY",0,2025-10-14,23400,0.05,75,CE,NFO-OPT,NFO,2025-10-14
13570306,53009,BANKNIFTY25OCT54200CE,"BANKNIFTY",0,2025-10-28,54200,0.05,35,CE,NFO-OPT,NFO,2025-10-28
13600002,53125,BANKNIFTY25OCT57100PE,"BANKNIFTY",0,2025-10-28,57100,0.05,35,PE,NFO-OPT,NFO,2025-10-28
15085314,58927,NIFTY25OCT25250CE,"NIFTY",0,2025-10-28,25250,0.05,75,CE,NFO-OPT,NFO,2025-10-28
15069954,58867,NIFTY25OCT24650PE,"NIFTY",0,2025-10-28,24650,0.05,75,PE,NFO-OPT,NFO,2025-10-28
10919938,42656,NIFTY25O1424700PE,"NIFTY",0,2025-10-14,24700,0.05,75,PE,NFO-OPT,NFO,2025-10-14
15078146,58899,NIFTY25OCT24850CE,"NIFTY",0,2025-10-28,24850,0.05,75,CE,NFO-OPT,NFO,2025-10-28
15044098,58766,NIFTY25OCT23950CE,"NIFTY",0,2025-10-28,23950,0.05,75,CE,NFO-OPT,NFO,2025-10-28
15033090,58723,NIFTY25OCT23000PE,"NIFTY",0,2025-10-28,23000,0.05,75,PE,NFO-OPT,NFO,2025-10-28
13952770,54503,BANKNIFTY25OCT63500CE,"BANKNIFTY",0,2025-10-28,63500,0.05,35,CE,NFO-OPT,NFO,2025-10-28
15045634,58772,NIFTY25OCT24100CE,"NIFTY",0,2025-10-28,24100,0.05,75,CE,NFO-OPT,NFO,2025-10-28
13585922,53070,BANKNIFTY25OCT54700PE,"BANKNIFTY",0,2025-10-28,54700,0.05,35,PE,NFO-OPT,NFO,2025-10-28
13567746,52999,BANKNIFTY25OCT53900CE,"BANKNIFTY",0,2025-10-28,53900,0.05,35,CE,NFO-OPT,NFO,2025-10-28
13779458,53826,BANKNIFTY25OCT60900CE,"BANKNIFTY",0,2025-10-28,60900,0.05,35,CE,NFO-OPT,NFO,2025-10-28
15043330,58763,NIFTY25OCT23850PE,"NIFTY",0,2025-10-28,23850,0.05,75,PE,NFO-OPT,NFO,2025-10-28
13600514,53127,BANKNIFTY25OCT57200PE,"BANKNIFTY",0,2025-10-28,57200,0.05,35,PE,NFO-OPT,NFO,2025-10-28
10927618,42686,NIFTY25O1425150PE,"NIFTY",0,2025-10-14,25150,0.05,75,PE,NFO-OPT,NFO,2025-10-14
10904066,42594,NIFTY25O1423650PE,"NIFTY",0,2025-10-14,23650,0.05,75,PE,NFO-OPT,NFO,2025-10-14
10896386,42564,NIFTY25O1423250PE,"NIFTY",0,2025-10-14,23250,0.05,75,PE,NFO-OPT,NFO,2025-10-14
15085570,58928,NIFTY25OCT25250PE,"NIFTY",0,2025-10-28,25250,0.05,75,PE,NFO-OPT,NFO,2025-10-28
15041538,58756,NIFTY25OCT23700CE,"NIFTY",0,2025-10-28,23700,0.05,75,CE,NFO-OPT,NFO,2025-10-28
10929922,42695,NIFTY25O1425350CE,"NIFTY",0,2025-10-14,25350,0.05,75,CE,NFO-OPT,NFO,2025-10-14
13561346,52974,BANKNIFTY25OCT53000CE,"BANKNIFTY",0,2025-10-28,53000,0.05,35,CE,NFO-OPT,NFO,2025-10-28
15118850,59058,NIFTY25OCT26550CE,"NIFTY",0,2025-10-28,26550,0.05,75,CE,NFO-OPT,NFO,2025-10-28
15091970,58953,NIFTY25OCT25650CE,"NIFTY",0,2025-10-28,25650,0.05,75,CE,NFO-OPT,NFO,2025-10-28
13953026,54504,BANKNIFTY25OCT63500PE,"BANKNIFTY",0,2025-10-28,63500,0.05,35,PE,NFO-OPT,NFO,2025-10-28
10935554,42717,NIFTY25O1425700CE,"NIFTY",0,2025-10-14,25700,0.05,75,CE,NFO-OPT,NFO,2025-10-14
13543682,52905,BANKNIFTY25OCT49800PE,"BANKNIFTY",0,2025-10-28,49800,0.05,35,PE,NFO-OPT,NFO,2025-10-28
10942722,42745,NIFTY25O1426250CE,"NIFTY",0,2025-10-14,26250,0.05,75,CE,NFO-OPT,NFO,2025-10-14
256265,1001,NIFTY 50,"NIFTY 50",0,,9.03325e-312,0.05,1,INDEX,INDICES,NSE,
13548802,52925,BANKNIFTY25OCT50700PE,"BANKNIFTY",0,2025-10-28,50700,0.05,35,PE,NFO-OPT,NFO,2025-10-28
15086338,58931,NIFTY25OCT25350CE,"NIFTY",0,2025-10-28,25350,0.05,75,CE,NFO-OPT,NFO,2025-10-28
13588738,53081,BANKNIFTY25OCT55200PE,"BANKNIFTY",0,2025-10-28,55200,0.05,35,PE,NFO-OPT,NFO,2025-10-28
13777922,53820,BANKNIFTY25OCT60600CE,"BANKNIFTY",0,2025-10-28,60600,0.05,35,CE,NFO-OPT,NFO,2025-10-28
13600258,53126,BANKNIFTY25OCT57200CE,"BANKNIFTY",0,2025-10-28,57200,0.05,35,CE,NFO-OPT,NFO,2025-10-28
15088386,58939,NIFTY25OCT25500PE,"NIFTY",0,2025-10-28,25500,0.05,75,PE,NFO-OPT,NFO,2025-10-28
13747458,53701,BANKNIFTY25OCT59900CE,"BANKNIFTY",0,2025-10-28,59900,0.05,35,CE,NFO-OPT,NFO,2025-10-28
13561858,52976,BANKNIFTY25OCT53100CE,"BANKNIFTY",0,2025-10-28,53100,0.05,35,CE,NFO-OPT,NFO,2025-10-28
13652738,53331,BANKNIFTY25OCT59200PE,"BANKNIFTY",0,2025-10-28,59200,0.05,35,PE,NFO-OPT,NFO,2025-10-28
13588226,53079,BANKNIFTY25OCT55100PE,"BANKNIFTY",0,2025-10-28,55100,0.05,35,PE,NFO-OPT,NFO,2025-10-28
13778434,53822,BANKNIFTY25OCT60700CE,"BANKNIFTY",0,2025-10-28,60700,0.05,35,CE,NFO-OPT,NFO,2025-10-28
13523458,52826,BANKNIFTY25OCT47500CE,"BANKNIFTY",0,2025-10-28,47500,0.05,35,CE,NFO-OPT,NFO,2025-10-28
13682434,53447,BANKNIFTY25OCT59600CE,"BANKNIFTY",0,2025-10-28,59600,0.05,35,CE,NFO-OPT,NFO,2025-10-28
15039234,58747,NIFTY25OCT23500PE,"NIFTY",0,2025-10-28,23500,0.05,75,PE,NFO-OPT,NFO,2025-10-28
15110658,59026,NIFTY25OCT26150CE,"NIFTY",0,2025-10-28,26150,0.05,75,CE,NFO-OPT,NFO,2025-10-28
10940162,42735,NIFTY25O1426050CE,"NIFTY",0,2025-10-14,26050,0.05,75,CE,NFO-OPT,NFO,2025-10-14
10934274,42712,NIFTY25O1425550PE,"NIFTY",0,2025-10-14,25550,0.05,75,PE,NFO-OPT,NFO,2025-10-14
13552386,52939,BANKNIFTY25OCT51300PE,"BANKNIFTY",0,2025-10-28,51300,0.05,35,PE,NFO-OPT,NFO,2025-10-28
10949890,42773,NIFTY25O1426800CE,"NIFTY",0,2025-10-14,26800,0.05,75,CE,NFO-OPT,NFO,2025-10-14
13560834,52972,BANKNIFTY25OCT52900CE,"BANKNIFTY",0,2025-10-28,52900,0.05,35,CE,NFO-OPT,NFO,2025-10-28
15048706,58784,NIFTY25OCT24400CE,"NIFTY",0,2025-10-28,24400,0.05,75,CE,NFO-OPT,NFO,2025-10-28
15109890,59023,NIFTY25OCT26100PE,"NIFTY",0,2025-10-28,26100,0.05,75,PE,NFO-OPT,NFO,2025-10-28
13608450,53158,BANKNIFTY25OCT58100PE,"BANKNIFTY",0,2025-10-28,58100,0.05,35,PE,NFO-OPT,NFO,2025-10-28
13621762,53210,BANKNIFTY25OCT59000PE,"BANKNIFTY",0,2025-10-28,59000,0.05,35,PE,NFO-OPT,NFO,2025-10-28
15034114,58727,NIFTY25OCT23100CE,"NIFTY",0,2025-10-28,23100,0.05,75,CE,NFO-OPT,NFO,2025-10-28
13589506,53084,BANKNIFTY25OCT55400CE,"BANKNIFTY",0,2025-10-28,55400,0.05,35,CE,NFO-OPT,NFO,2025-10-28
13558274,52962,BANKNIFTY25OCT52400CE,"BANKNIFTY",0,2025-10-28,52400,0.05,35,CE,NFO-OPT,NFO,2025-10-28
260105,1016,NIFTY BANK,"NIFTY BANK",1.061e-314,,9.03325e-312,0.05,1,INDEX,INDICES,NSE,
10941186,42739,NIFTY25O1426100CE,"NIFTY",0,2025-10-14,26100,0.05,75,CE,NFO-OPT,NFO,2025-10-14
15080706,58909,NIFTY25OCT25000CE,"NIFTY",0,2025-10-28,25000,0.05,75,CE,NFO-OPT,NFO,2025-10-28
10934018,42711,NIFTY25O1425550CE,"NIFTY",0,2025-10-14,25550,0.05,75,CE,NFO-OPT,NFO,2025-10-14
15047938,58781,NIFTY25OCT24300PE,"NIFTY",0,2025-10-28,24300,0.05,75,PE,NFO-OPT,NFO,2025-10-28
13573634,53022,BANKNIFTY25OCT54400PE,"BANKNIFTY",0,2025-10-28,54400,0.05,35,PE,NFO-OPT,NFO,2025-10-28
15048450,58783,NIFTY25OCT24350PE,"NIFTY",0,2025-10-28,24350,0.05,75,PE,NFO-OPT,NFO,2025-10-28
10923522,42670,NIFTY25O1424900PE,"NIFTY",0,2025-10-14,24900,0.05,75,PE,NFO-OPT,NFO,2025-10-14
13564162,52985,BANKNIFTY25OCT53400PE,"BANKNIFTY",0,2025-10-28,53400,0.05,35,PE,NFO-OPT,NFO,2025-10-28
13596418,53111,BANKNIFTY25OCT56500PE,"BANKNIFTY",0,2025-10-28,56500,0.05,35,PE,NFO-OPT,NFO,2025-10-28
15037442,58740,NIFTY25OCT23350CE,"NIFTY",0,2025-10-28,23350,0.05,75,CE,NFO-OPT,NFO,2025-10-28
13556482,52955,BANKNIFTY25OCT52000PE,"BANKNIFTY",0,2025-10-28,52000,0.05,35,PE,NFO-OPT,NFO,2025-10-28
10917890,42648,NIFTY25O1424550PE,"NIFTY",0,2025-10-14,24550,0.05,75,PE,NFO-OPT,NFO,2025-10-14
10890754,42542,NIFTY25O1423000PE,"NIFTY",0,2025-10-14,23000,0.05,75,PE,NFO-OPT,NFO,2025-10-14
13553410,52943,BANKNIFTY25OCT51500PE,"BANKNIFTY",0,2025-10-28,51500,0.05,35,PE,NFO-OPT,NFO,2025-10-28
15086594,58932,NIFTY25OCT25350PE,"NIFTY",0,2025-10-28,25350,0.05,75,PE,NFO-OPT,NFO,2025-10-28
13556738,52956,BANKNIFTY25OCT52100CE,"BANKNIFTY",0,2025-10-28,52100,0.05,35,CE,NFO-OPT,NFO,2025-10-28
15031810,58718,NIFTY25OCT22950CE,"NIFTY",0,2025-10-28,22950,0.05,75,CE,NFO-OPT,NFO,2025-10-28
15093762,58960,NIFTY25OCT25750CE,"NIFTY",0,2025-10-28,25750,0.05,75,CE,NFO-OPT,NFO,2025-10-28
10939138,42731,NIFTY25O1425950CE,"NIFTY",0,2025-10-14,25950,0.05,75,CE,NFO-OPT,NFO,2025-10-14
15077122,58895,NIFTY25OCT24750CE,"NIFTY",0,2025-10-28,24750,0.05,75,CE,NFO-OPT,NFO,2025-10-28
13885186,54239,BANKNIFTY25OCT62500PE,"BANKNIFTY",0,2025-10-28,62500,0.05,35,PE,NFO-OPT,NFO,2025-10-28
10889986,42539,NIFTY25O1422950CE,"NIFTY",0,2025-10-14,22950,0.05,75,CE,NFO-OPT,NFO,2025-10-14
10919170,42653,NIFTY25O1424700CE,"NIFTY",0,2025-10-14,24700,0.05,75,CE,NFO-OPT,NFO,2025-10-14
13607170,53153,BANKNIFTY25OCT57900PE,"BANKNIFTY",0,2025-10-28,57900,0.05,35,PE,NFO-OPT,NFO,2025-10-28
13537026,52879,BANKNIFTY25OCT49000PE,"BANKNIFTY",0,2025-10-28,49000,0.05,35,PE,NFO-OPT,NFO,2025-10-28
10949122,42770,NIFTY25O1426700PE,"NIFTY",0,2025-10-14,26700,0.05,75,PE,NFO-OPT,NFO,2025-10-14
10928898,42691,NIFTY25O1425250CE,"NIFTY",0,2025-10-14,25250,0.05,75,CE,NFO-OPT,NFO,2025-10-14
13575426,53029,BANKNIFTY25OCT54500CE,"BANKNIFTY",0,2025-10-28,54500,0.05,35,CE,NFO-OPT,NFO,2025-10-28
15114242,59040,NIFTY25OCT26300PE,"NIFTY",0,2025-10-28,26300,0.05,75,PE,NFO-OPT,NFO,2025-10-28
13603074,53137,BANKNIFTY25OCT57400PE,"BANKNIFTY",0,2025-10-28,57400,0.05,35,PE,NFO-OPT,NFO,2025-10-28
10924290,42673,NIFTY25O1425000CE,"NIFTY",0,2025-10-14,25000,0.05,75,CE,NFO-OPT,NFO,2025-10-14
10904578,42596,NIFTY25O1423700PE,"NIFTY",0,2025-10-14,23700,0.05,75,PE,NFO-OPT,NFO,2025-10-14
13613826,53179,BANKNIFTY25OCT58400CE,"BANKNIFTY",0,2025-10-28,58400,0.05,35,CE,NFO-OPT,NFO,2025-10-28
15040770,58753,NIFTY25OCT23600PE,"NIFTY",0,2025-10-28,23600,0.05,75,PE,NFO-OPT,NFO,2025-10-28
15037954,58742,NIFTY25OCT23400CE,"NIFTY",0,2025-10-28,23400,0.05,75,CE,NFO-OPT,NFO,2025-10-28
13536770,52878,BANKNIFTY25OCT49000CE,"BANKNIFTY",0,2025-10-28,49000,0.05,35,CE,NFO-OPT,NFO,2025-10-28
15041794,58757,NIFTY25OCT23700PE,"NIFTY",0,2025-10-28,23700,0.05,75,PE,NFO-OPT,NFO,2025-10-28
13560322,52970,BANKNIFTY25OCT52800CE,"BANKNIFTY",0,2025-10-28,52800,0.05,35,CE,NFO-OPT,NFO,2025-10-28
15078402,58900,NIFTY25OCT24850PE,"NIFTY",0,2025-10-28,24850,0.05,75,PE,NFO-OPT,NFO,2025-10-28
15132162,59110,NIFTY25OCT26950PE,"NIFTY",0,2025-10-28,26950,0.05,75,PE,NFO-OPT,NFO,2025-10-28
13597442,53115,BANKNIFTY25OCT56700PE,"BANKNIFTY",0,2025-10-28,56700,0.05,35,PE,NFO-OPT,NFO,2025-10-28
10936834,42722,NIFTY25O1425800PE,"NIFTY",0,2025-10-14,25800,0.05,75,PE,NFO-OPT,NFO,2025-10-14
15114754,59042,NIFTY25OCT26350PE,"NIFTY",0,2025-10-28,26350,0.05,75,PE,NFO-OPT,NFO,2025-10-28
10892802,42550,NIFTY25O1423150CE,"NIFTY",0,2025-10-14,23150,0.05,75,CE,NFO-OPT,NFO,2025-10-14
13745666,53694,BANKNIFTY25OCT59700PE,"BANKNIFTY",0,2025-10-28,59700,0.05,35,PE,NFO-OPT,NFO,2025-10-28
13560066,52969,BANKNIFTY25OCT52700PE,"BANKNIFTY",0,2025-10-28,52700,0.05,35,PE,NFO-OPT,NFO,2025-10-28
15039490,58748,NIFTY25OCT23550CE,"NIFTY",0,2025-10-28,23550,0.05,75,CE,NFO-OPT,NFO,2025-10-28
15044354,58767,NIFTY25OCT23950PE,"NIFTY",0,2025-10-28,23950,0.05,75,PE,NFO-OPT,NFO,2025-10-28
13540098,52891,BANKNIFTY25OCT49400PE,"BANKNIFTY",0,2025-10-28,49400,0.05,35,PE,NFO-OPT,NFO,2025-10-28
10937346,42724,NIFTY25O1425850PE,"NIFTY",0,2025-10-14,25850,0.05,75,PE,NFO-OPT,NFO,2025-10-14
13576962,53035,BANKNIFTY25OCT54600CE,"BANKNIFTY",0,2025-10-28,54600,0.05,35,CE,NFO-OPT,NFO,2025-10-28
10941442,42740,NIFTY25O1426100PE,"NIFTY",0,2025-10-14,26100,0.05,75,PE,NFO-OPT,NFO,2025-10-14
13937922,54445,BANKNIFTY25OCT63000CE,"BANKNIFTY",0,2025-10-28,63000,0.05,35,CE,NFO-OPT,NFO,2025-10-28
13569794,53007,BANKNIFTY25OCT54100CE,"BANKNIFTY",0,2025-10-28,54100,0.05,35,CE,NFO-OPT,NFO,2025-10-28
10908674,42612,NIFTY25O1424000PE,"NIFTY",0,2025-10-14,24000,0.05,75,PE,NFO-OPT,NFO,2025-10-14
10909442,42615,NIFTY25O1424100CE,"NIFTY",0,2025-10-14,24100,0.05,75,CE,NFO-OPT,NFO,2025-10-14
13570050,53008,BANKNIFTY25OCT54100PE,"BANKNIFTY",0,2025-10-28,54100,0.05,35,PE,NFO-OPT,NFO,2025-10-28
15041282,58755,NIFTY25OCT23650PE,"NIFTY",0,2025-10-28,23650,0.05,75,PE,NFO-OPT,NFO,2025-10-28
15084034,58922,NIFTY25OCT25100PE,"NIFTY",0,2025-10-28,25100,0.05,75,PE,NFO-OPT,NFO,2025-10-28
10891266,42544,NIFTY25O1423050PE,"NIFTY",0,2025-10-14,23050,0.05,75,PE,NFO-OPT,NFO,2025-10-14
15132930,59113,NIFTY25OCT27050CE,"NIFTY",0,2025-10-28,27050,0.05,75,CE,NFO-OPT,NFO,2025-10-28
10903042,42590,NIFTY25O1423600PE,"NIFTY",0,2025-10-14,23600,0.05,75,PE,NFO-OPT,NFO,2025-10-14
13784322,53845,BANKNIFTY25OCT61000PE,"BANKNIFTY",0,2025-10-28,61000,0.05,35,PE,NFO-OPT,NFO,2025-10-28
13557506,52959,BANKNIFTY25OCT52200PE,"BANKNIFTY",0,2025-10-28,52200,0.05,35,PE,NFO-OPT,NFO,2025-10-28
10952962,42785,NIFTY25O1427050CE,"NIFTY",0,2025-10-14,27050,0.05,75,CE,NFO-OPT,NFO,2025-10-14
10939650,42733,NIFTY25O1426000CE,"NIFTY",0,2025-10-14,26000,0.05,75,CE,NFO-OPT,NFO,2025-10-14
13611010,53168,BANKNIFTY25OCT58200PE,"BANKNIFTY",0,2025-10-28,58200,0.05,35,PE,NFO-OPT,NFO,2025-10-28
15106562,59010,NIFTY25OCT26050CE,"NIFTY",0,2025-10-28,26050,0.05,75,CE,NFO-OPT,NFO,2025-10-28
13601026,53129,BANKNIFTY25OCT57300PE,"BANKNIFTY",0,2025-10-28,57300,0.05,35,PE,NFO-OPT,NFO,2025-10-28
13552642,52940,BANKNIFTY25OCT51400CE,"BANKNIFTY",0,2025-10-28,51400,0.05,35,CE,NFO-OPT,NFO,2025-10-28
15036162,58735,NIFTY25OCT23200PE,"NIFTY",0,2025-10-28,23200,0.05,75,PE,NFO-OPT,NFO,2025-10-28
10901250,42583,NIFTY25O1423450CE,"NIFTY",0,2025-10-14,23450,0.05,75,CE,NFO-OPT,NFO,2025-10-14
15114498,59041,NIFTY25OCT26350CE,"NIFTY",0,2025-10-28,26350,0.05,75,CE,NFO-OPT,NFO,2025-10-28
15039746,58749,NIFTY25OCT23550PE,"NIFTY",0,2025-10-28,23550,0.05,75,PE,NFO-OPT,NFO,2025-10-28
13593090,53098,BANKNIFTY25OCT56000CE,"BANKNIFTY",0,2025-10-28,56000,0.05,35,CE,NFO-OPT,NFO,2025-10-28
13591554,53092,BANKNIFTY25OCT55700CE,"BANKNIFTY",0,2025-10-28,55700,0.05,35,CE,NFO-OPT,NFO,2025-10-28
10952450,42783,NIFTY25O1427000CE,"NIFTY",0,2025-10-14,27000,0.05,75,CE,NFO-OPT,NFO,2025-10-14
13605634,53147,BANKNIFTY25OCT57800PE,"BANKNIFTY",0,2025-10-28,57800,0.05,35,PE,NFO-OPT,NFO,2025-10-28
10929410,42693,NIFTY25O1425300CE,"NIFTY",0,2025-10-14,25300,0.05,75,CE,NFO-OPT,NFO,2025-10-14
15105026,59004,NIFTY25OCT26000CE,"NIFTY",0,2025-10-28,26000,0.05,75,CE,NFO-OPT,NFO,2025-10-28
13783298,53841,BANKNIFTY25OCT60900PE,"BANKNIFTY",0,2025-10-28,60900,0.05,35,PE,NFO-OPT,NFO,2025-10-28
10939906,42734,NIFTY25O1426000PE,"NIFTY",0,2025-10-14,26000,0.05,75,PE,NFO-OPT,NFO,2025-10-14
13591042,53090,BANKNIFTY25OCT55600CE,"BANKNIFTY",0,2025-10-28,55600,0.05,35,CE,NFO-OPT,NFO,2025-10-28
10932482,42705,NIFTY25O1425450CE,"NIFTY",0,2025-10-14,25450,0.05,75,CE,NFO-OPT,NFO,2025-10-14
15090946,58949,NIFTY25OCT25550PE,"NIFTY",0,2025-10-28,25550,0.05,75,PE,NFO-OPT,NFO,2025-10-28
10909954,42617,NIFTY25O1424150CE,"NIFTY",0,2025-10-14,24150,0.05,75,CE,NFO-OPT,NFO,2025-10-14
13559042,52965,BANKNIFTY25OCT52500PE,"BANKNIFTY",0,2025-10-28,52500,0.05,35,PE,NFO-OPT,NFO,2025-10-28
13593858,53101,BANKNIFTY25OCT56100PE,"BANKNIFTY",0,2025-10-28,56100,0.05,35,PE,NFO-OPT,NFO,2025-10-28
10893826,42554,NIFTY25O1423200CE,"NIFTY",0,2025-10-14,23200,0.05,75,CE,NFO-OPT,NFO,2025-10-14
13520898,52816,BANKNIFTY25OCT47000CE,"BANKNIFTY",0,2025-10-28,47000,0.05,35,CE,NFO-OPT,NFO,2025-10-28
13586434,53072,BANKNIFTY25OCT54800CE,"BANKNIFTY",0,2025-10-28,54800,0.05,35,CE,NFO-OPT,NFO,2025-10-28
15127554,59092,NIFTY25OCT26650CE,"NIFTY",0,2025-10-28,26650,0.05,75,CE,NFO-OPT,NFO,2025-10-28
10889730,42538,NIFTY25O1422900PE,"NIFTY",0,2025-10-14,22900,0.05,75,PE,NFO-OPT,NFO,2025-10-14
13596930,53113,BANKNIFTY25OCT56600PE,"BANKNIFTY",0,2025-10-28,56600,0.05,35,PE,NFO-OPT,NFO,2025-10-28
13553154,52942,BANKNIFTY25OCT51500CE,"BANKNIFTY",0,2025-10-28,51500,0.05,35,CE,NFO-OPT,NFO,2025-10-28
13604354,53142,BANKNIFTY25OCT57600CE,"BANKNIFTY",0,2025-10-28,57600,0.05,35,CE,NFO-OPT,NFO,2025-10-28
15031042,58715,NIFTY25OCT22900CE,"NIFTY",0,2025-10-28,22900,0.05,75,CE,NFO-OPT,NFO,2025-10-28
10950146,42774,NIFTY25O1426800PE,"NIFTY",0,2025-10-14,26800,0.05,75,PE,NFO-OPT,NFO,2025-10-14
10946562,42760,NIFTY25O1426500PE,"NIFTY",0,2025-10-14,26500,0.05,75,PE,NFO-OPT,NFO,2025-10-14
13613570,53178,BANKNIFTY25OCT58300PE,"BANKNIFTY",0,2025-10-28,58300,0.05,35,PE,NFO-OPT,NFO,2025-10-28
13590786,53089,BANKNIFTY25OCT55500PE,"BANKNIFTY",0,2025-10-28,55500,0.05,35,PE,NFO-OPT,NFO,2025-10-28
13514754,52792,BANKNIFTY25OCT46500CE,"BANKNIFTY",0,2025-10-28,46500,0.05,35,CE,NFO-OPT,NFO,2025-10-28
10952706,42784,NIFTY25O1427000PE,"NIFTY",0,2025-10-14,27000,0.05,75,PE,NFO-OPT,NFO,2025-10-14
10927362,42685,NIFTY25O1425150CE,"NIFTY",0,2025-10-14,25150,0.05,75,CE,NFO-OPT,NFO,2025-10-14
10912514,42627,NIFTY25O1424250CE,"NIFTY",0,2025-10-14,24250,0.05,75,CE,NFO-OPT,NFO,2025-10-14
10892546,42549,NIFTY25O1423100PE,"NIFTY",0,2025-10-14,23100,0.05,75,PE,NFO-OPT,NFO,2025-10-14
13826306,54009,BANKNIFTY25OCT61500PE,"BANKNIFTY",0,2025-10-28,61500,0.05,35,PE,NFO-OPT,NFO,2025-10-28
13569538,53006,BANKNIFTY25OCT54000PE,"BANKNIFTY",0,2025-10-28,54000,0.05,35,PE,NFO-OPT,NFO,2025-10-28
13590530,53088,BANKNIFTY25OCT55500CE,"BANKNIFTY",0,2025-10-28,55500,0.05,35,CE,NFO-OPT,NFO,2025-10-28
10953474,42787,NIFTY25O1427100CE,"NIFTY",0,2025-10-14,27100,0.05,75,CE,NFO-OPT,NFO,2025-10-14
13560578,52971,BANKNIFTY25OCT52800PE,"BANKNIFTY",0,2025-10-28,52800,0.05,35,PE,NFO-OPT,NFO,2025-10-28
15130626,59104,NIFTY25OCT26800PE,"NIFTY",0,2025-10-28,26800,0.05,75,PE,NFO-OPT,NFO,2025-10-28
10923010,42668,NIFTY25O1424850PE,"NIFTY",0,2025-10-14,24850,0.05,75,PE,NFO-OPT,NFO,2025-10-14
13769474,53787,BANKNIFTY25OCT60500CE,"BANKNIFTY",0,2025-10-28,60500,0.05,35,CE,NFO-OPT,NFO,2025-10-28
10888962,42535,NIFTY25O1422850CE,"NIFTY",0,2025-10-14,22850,0.05,75,CE,NFO-OPT,NFO,2025-10-14
13752834,53722,BANKNIFTY25OCT60000CE,"BANKNIFTY",0,2025-10-28,60000,0.05,35,CE,NFO-OPT,NFO,2025-10-28
10925826,42679,NIFTY25O1425100CE,"NIFTY",0,2025-10-14,25100,0.05,75,CE,NFO-OPT,NFO,2025-10-14
15134210,59118,NIFTY25OCT27150PE,"NIFTY",0,2025-10-28,27150,0.05,75,PE,NFO-OPT,NFO,2025-10-28
13515010,52793,BANKNIFTY25OCT46500PE,"BANKNIFTY",0,2025-10-28,46500,0.05,35,PE,NFO-OPT,NFO,2025-10-28
13595394,53107,BANKNIFTY25OCT56300PE,"BANKNIFTY",0,2025-10-28,56300,0.05,35,PE,NFO-OPT,NFO,2025-10-28
10938882,42730,NIFTY25O1425900PE,"NIFTY",0,2025-10-14,25900,0.05,75,PE,NFO-OPT,NFO,2025-10-14
13548290,52923,BANKNIFTY25OCT50600PE,"BANKNIFTY",0,2025-10-28,50600,0.05,35,PE,NFO-OPT,NFO,2025-10-28
13543938,52906,BANKNIFTY25OCT49900CE,"BANKNIFTY",0,2025-10-28,49900,0.05,35,CE,NFO-OPT,NFO,2025-10-28
13604610,53143,BANKNIFTY25OCT57600PE,"BANKNIFTY",0,2025-10-28,57600,0.05,35,PE,NFO-OPT,NFO,2025-10-28
13547010,52918,BANKNIFTY25OCT50400CE,"BANKNIFTY",0,2025-10-28,50400,0.05,35,CE,NFO-OPT,NFO,2025-10-28
10909186,42614,NIFTY25O1424050PE,"NIFTY",0,2025-10-14,24050,0.05,75,PE,NFO-OPT,NFO,2025-10-14
15045378,58771,NIFTY25OCT24050PE,"NIFTY",0,2025-10-28,24050,0.05,75,PE,NFO-OPT,NFO,2025-10-28
10912770,42628,NIFTY25O1424250PE,"NIFTY",0,2025-10-14,24250,0.05,75,PE,NFO-OPT,NFO,2025-10-14
13793794,53882,BANKNIFTY25OCT61500CE,"BANKNIFTY",0,2025-10-28,61500,0.05,35,CE,NFO-OPT,NFO,2025-10-28
13614338,53181,BANKNIFTY25OCT58500CE,"BANKNIFTY",0,2025-10-28,58500,0.05,35,CE,NFO-OPT,NFO,2025-10-28
13622018,53211,BANKNIFTY25OCT59100CE,"BANKNIFTY",0,2025-10-28,59100,0.05,35,CE,NFO-OPT,NFO,2025-10-28
13753090,53723,BANKNIFTY25OCT60000PE,"BANKNIFTY",0,2025-10-28,60000,0.05,35,PE,NFO-OPT,NFO,2025-10-28
13559298,52966,BANKNIFTY25OCT52600CE,"BANKNIFTY",0,2025-10-28,52600,0.05,35,CE,NFO-OPT,NFO,2025-10-28
13561602,52975,BANKNIFTY25OCT53000PE,"BANKNIFTY",0,2025-10-28,53000,0.05,35,PE,NFO-OPT,NFO,2025-10-28
15091714,58952,NIFTY25OCT25600PE,"NIFTY",0,2025-10-28,25600,0.05,75,PE,NFO-OPT,NFO,2025-10-28
13558018,52961,BANKNIFTY25OCT52300PE,"BANKNIFTY",0,2025-10-28,52300,0.05,35,PE,NFO-OPT,NFO,2025-10-28
10937090,42723,NIFTY25O1425850CE,"NIFTY",0,2025-10-14,25850,0.05,75,CE,NFO-OPT,NFO,2025-10-14
15035138,58731,NIFTY25OCT23100PE,"NIFTY",0,2025-10-28,23100,0.05,75,PE,NFO-OPT,NFO,2025-10-28
10908930,42613,NIFTY25O1424050CE,"NIFTY",0,2025-10-14,24050,0.05,75,CE,NFO-OPT,NFO,2025-10-14
13593346,53099,BANKNIFTY25OCT56000PE,"BANKNIFTY",0,2025-10-28,56000,0.05,35,PE,NFO-OPT,NFO,2025-10-28
15095042,58965,NIFTY25OCT25800PE,"NIFTY",0,2025-10-28,25800,0.05,75,PE,NFO-OPT,NFO,2025-10-28
15058434,58822,NIFTY25OCT24600CE,"NIFTY",0,2025-10-28,24600,0.05,75,CE,NFO-OPT,NFO,2025-10-28
10894594,42557,NIFTY25O1423200PE,"NIFTY",0,2025-10-14,23200,0.05,75,PE,NFO-OPT,NFO,2025-10-14
10945282,42755,NIFTY25O1426400CE,"NIFTY",0,2025-10-14,26400,0.05,75,CE,NFO-OPT,NFO,2025-10-14
13585154,53067,BANKNIFTY25OCT54700CE,"BANKNIFTY",0,2025-10-28,54700,0.05,35,CE,NFO-OPT,NFO,2025-10-28
10902530,42588,NIFTY25O1423550PE,"NIFTY",0,2025-10-14,23550,0.05,75,PE,NFO-OPT,NFO,2025-10-14
10913794,42632,NIFTY25O1424350PE,"NIFTY",0,2025-10-14,24350,0.05,75,PE,NFO-OPT,NFO,2025-10-14
13595650,53108,BANKNIFTY25OCT56400CE,"BANKNIFTY",0,2025-10-28,56400,0.05,35,CE,NFO-OPT,NFO,2025-10-28
13587970,53078,BANKNIFTY25OCT55100CE,"BANKNIFTY",0,2025-10-28,55100,0.05,35,CE,NFO-OPT,NFO,2025-10-28
10907650,42608,NIFTY25O1423950PE,"NIFTY",0,2025-10-14,23950,0.05,75,PE,NFO-OPT,NFO,2025-10-14
10924034,42672,NIFTY25O1424950PE,"NIFTY",0,2025-10-14,24950,0.05,75,PE,NFO-OPT,NFO,2025-10-14
13594370,53103,BANKNIFTY25OCT56200PE,"BANKNIFTY",0,2025-10-28,56200,0.05,35,PE,NFO-OPT,NFO,2025-10-28
13754370,53728,BANKNIFTY25OCT60100PE,"BANKNIFTY",0,2025-10-28,60100,0.05,35,PE,NFO-OPT,NFO,2025-10-28
15086082,58930,NIFTY25OCT25300PE,"NIFTY",0,2025-10-28,25300,0.05,75,PE,NFO-OPT,NFO,2025-10-28
13592066,53094,BANKNIFTY25OCT55800CE,"BANKNIFTY",0,2025-10-28,55800,0.05,35,CE,NFO-OPT,NFO,2025-10-28
13605378,53146,BANKNIFTY25OCT57800CE,"BANKNIFTY",0,2025-10-28,57800,0.05,35,CE,NFO-OPT,NFO,2025-10-28
13682178,53446,BANKNIFTY25OCT59500PE,"BANKNIFTY",0,2025-10-28,59500,0.05,35,PE,NFO-OPT,NFO,2025-10-28
10943746,42749,NIFTY25O1426300CE,"NIFTY",0,2025-10-14,26300,0.05,75,CE,NFO-OPT,NFO,2025-10-14
13355010,52168,NIFTY25OCTFUT,"NIFTY",0,2025-10-28,0,0.1,75,FUT,NFO-FUT,NFO,2025-10-28
13586946,53074,BANKNIFTY25OCT54900CE,"BANKNIFTY",0,2025-10-28,54900,0.05,35,CE,NFO-OPT,NFO,2025-10-28
10917378,42646,NIFTY25O1424500PE,"NIFTY",0,2025-10-14,24500,0.05,75,PE,NFO-OPT,NFO,2025-10-14
13617922,53195,BANKNIFTY25OCT58700CE,"BANKNIFTY",0,2025-10-28,58700,0.05,35,CE,NFO-OPT,NFO,2025-10-28
15080450,58908,NIFTY25OCT24950PE,"NIFTY",0,2025-10-28,24950,0.05,75,PE,NFO-OPT,NFO,2025-10-28
13562882,52980,BANKNIFTY25OCT53200CE,"BANKNIFTY",0,2025-10-28,53200,0.05,35,CE,NFO-OPT,NFO,2025-10-28
13552898,52941,BANKNIFTY25OCT51400PE,"BANKNIFTY",0,2025-10-28,51400,0.05,35,PE,NFO-OPT,NFO,2025-10-28
10955010,42793,NIFTY25O1427150CE,"NIFTY",0,2025-10-14,27150,0.05,75,CE,NFO-OPT,NFO,2025-10-14
10945538,42756,NIFTY25O1426400PE,"NIFTY",0,2025-10-14,26400,0.05,75,PE,NFO-OPT,NFO,2025-10-14
13865474,54162,BANKNIFTY25OCT62000CE,"BANKNIFTY",0,2025-10-28,62000,0.05,35,CE,NFO-OPT,NFO,2025-10-28
15085058,58926,NIFTY25OCT25200PE,"NIFTY",0,2025-10-28,25200,0.05,75,PE,NFO-OPT,NFO,2025-10-28
15087106,58934,NIFTY25OCT25400CE,"NIFTY",0,2025-10-28,25400,0.05,75,CE,NFO-OPT,NFO,2025-10-28
10932226,42704,NIFTY25O1425400PE,"NIFTY",0,2025-10-14,25400,0.05,75,PE,NFO-OPT,NFO,2025-10-14
13597954,53117,BANKNIFTY25OCT56800PE,"BANKNIFTY",0,2025-10-28,56800,0.05,35,PE,NFO-OPT,NFO,2025-10-28
13566978,52996,BANKNIFTY25OCT53800PE,"BANKNIFTY",0,2025-10-28,53800,0.05,35,PE,NFO-OPT,NFO,2025-10-28
13674754,53417,BANKNIFTY25OCT59400CE,"BANKNIFTY",0,2025-10-28,59400,0.05,35,CE,NFO-OPT,NFO,2025-10-28
10936322,42720,NIFTY25O1425750PE,"NIFTY",0,2025-10-14,25750,0.05,75,PE,NFO-OPT,NFO,2025-10-14
13768194,53782,BANKNIFTY25OCT60300PE,"BANKNIFTY",0,2025-10-28,60300,0.05,35,PE,NFO-OPT,NFO,2025-10-28
10928642,42690,NIFTY25O1425200PE,"NIFTY",0,2025-10-14,25200,0.05,75,PE,NFO-OPT,NFO,2025-10-14
13872642,54190,BANKNIFTY25OCT62000PE,"BANKNIFTY",0,2025-10-28,62000,0.05,35,PE,NFO-OPT,NFO,2025-10-28
13592322,53095,BANKNIFTY25OCT55800PE,"BANKNIFTY",0,2025-10-28,55800,0.05,35,PE,NFO-OPT,NFO,2025-10-28
13533442,52865,BANKNIFTY25OCT48500PE,"BANKNIFTY",0,2025-10-28,48500,0.05,35,PE,NFO-OPT,NFO,2025-10-28
13785090,53848,BANKNIFTY25OCT61100CE,"BANKNIFTY",0,2025-10-28,61100,0.05,35,CE,NFO-OPT,NFO,2025-10-28
15047170,58778,NIFTY25OCT24250CE,"NIFTY",0,2025-10-28,24250,0.05,75,CE,NFO-OPT,NFO,2025-10-28
13753346,53724,BANKNIFTY25OCT60100CE,"BANKNIFTY",0,2025-10-28,60100,0.05,35,CE,NFO-OPT,NFO,2025-10-28
15038466,58744,NIFTY25OCT23450CE,"NIFTY",0,2025-10-28,23450,0.05,75,CE,NFO-OPT,NFO,2025-10-28
10915842,42640,NIFTY25O1424400PE,"NIFTY",0,2025-10-14,24400,0.05,75,PE,NFO-OPT,NFO,2025-10-14
13537794,52882,BANKNIFTY25OCT49100CE,"BANKNIFTY",0,2025-10-28,49100,0.05,35,CE,NFO-OPT,NFO,2025-10-28
10910722,42620,NIFTY25O1424150PE,"NIFTY",0,2025-10-14,24150,0.05,75,PE,NFO-OPT,NFO,2025-10-14
10927106,42684,NIFTY25O1425100PE,"NIFTY",0,2025-10-14,25100,0.05,75,PE,NFO-OPT,NFO,2025-10-14
10914050,42633,NIFTY25O1424400CE,"NIFTY",0,2025-10-14,24400,0.05,75,CE,NFO-OPT,NFO,2025-10-14
13540866,52894,BANKNIFTY25OCT49600CE,"BANKNIFTY",0,2025-10-28,49600,0.05,35,CE,NFO-OPT,NFO,2025-10-28
13586690,53073,BANKNIFTY25OCT54800PE,"BANKNIFTY",0,2025-10-28,54800,0.05,35,PE,NFO-OPT,NFO,2025-10-28
13552130,52938,BANKNIFTY25OCT51300CE,"BANKNIFTY",0,2025-10-28,51300,0.05,35,CE,NFO-OPT,NFO,2025-10-28
15105282,59005,NIFTY25OCT26000PE,"NIFTY",0,2025-10-28,26000,0.05,75,PE,NFO-OPT,NFO,2025-10-28
13681922,53445,BANKNIFTY25OCT59500CE,"BANKNIFTY",0,2025-10-28,59500,0.05,35,CE,NFO-OPT,NFO,2025-10-28
13614082,53180,BANKNIFTY25OCT58400PE,"BANKNIFTY",0,2025-10-28,58400,0.05,35,PE,NFO-OPT,NFO,2025-10-28
13544450,52908,BANKNIFTY25OCT50000CE,"BANKNIFTY",0,2025-10-28,50000,0.05,35,CE,NFO-OPT,NFO,2025-10-28
10917634,42647,NIFTY25O1424550CE,"NIFTY",0,2025-10-14,24550,0.05,75,CE,NFO-OPT,NFO,2025-10-14
15078914,58902,NIFTY25OCT24900PE,"NIFTY",0,2025-10-28,24900,0.05,75,PE,NFO-OPT,NFO,2025-10-28
10917122,42645,NIFTY25O1424500CE,"NIFTY",0,2025-10-14,24500,0.05,75,CE,NFO-OPT,NFO,2025-10-14
10950402,42775,NIFTY25O1426850CE,"NIFTY",0,2025-10-14,26850,0.05,75,CE,NFO-OPT,NFO,2025-10-14
13785346,53849,BANKNIFTY25OCT61100PE,"BANKNIFTY",0,2025-10-28,61100,0.05,35,PE,NFO-OPT,NFO,2025-10-28
10900994,42582,NIFTY25O1423400PE,"NIFTY",0,2025-10-14,23400,0.05,75,PE,NFO-OPT,NFO,2025-10-14
15127810,59093,NIFTY25OCT26650PE,"NIFTY",0,2025-10-28,26650,0.05,75,PE,NFO-OPT,NFO,2025-10-28
10952194,42782,NIFTY25O1426950PE,"NIFTY",0,2025-10-14,26950,0.05,75,PE,NFO-OPT,NFO,2025-10-14
10896642,42565,NIFTY25O1423300CE,"NIFTY",0,2025-10-14,23300,0.05,75,CE,NFO-OPT,NFO,2025-10-14
10889474,42537,NIFTY25O1422900CE,"NIFTY",0,2025-10-14,22900,0.05,75,CE,NFO-OPT,NFO,2025-10-14
13619458,53201,BANKNIFTY25OCT58800CE,"BANKNIFTY",0,2025-10-28,58800,0.05,35,CE,NFO-OPT,NFO,2025-10-28
15045122,58770,NIFTY25OCT24050CE,"NIFTY",0,2025-10-28,24050,0.05,75,CE,NFO-OPT,NFO,2025-10-28
15058178,58821,NIFTY25OCT24550PE,"NIFTY",0,2025-10-28,24550,0.05,75,PE,NFO-OPT,NFO,2025-10-28
13548546,52924,BANKNIFTY25OCT50700CE,"BANKNIFTY",0,2025-10-28,50700,0.05,35,CE,NFO-OPT,NFO,2025-10-28
10945794,42757,NIFTY25O1426450CE,"NIFTY",0,2025-10-14,26450,0.05,75,CE,NFO-OPT,NFO,2025-10-14
10941954,42742,NIFTY25O1426150PE,"NIFTY",0,2025-10-14,26150,0.05,75,PE,NFO-OPT,NFO,2025-10-14
15030530,58713,NIFTY25OCT22850CE,"NIFTY",0,2025-10-28,22850,0.05,75,CE,NFO-OPT,NFO,2025-10-28
15049474,58787,NIFTY25OCT24450PE,"NIFTY",0,2025-10-28,24450,0.05,75,PE,NFO-OPT,NFO,2025-10-28
13554946,52949,BANKNIFTY25OCT51800PE,"BANKNIFTY",0,2025-10-28,51800,0.05,35,PE,NFO-OPT,NFO,2025-10-28
13534466,52869,BANKNIFTY25OCT48700PE,"BANKNIFTY",0,2025-10-28,48700,0.05,35,PE,NFO-OPT,NFO,2025-10-28
15033858,58726,NIFTY25OCT23050PE,"NIFTY",0,2025-10-28,23050,0.05,75,PE,NFO-OPT,NFO,2025-10-28
10935042,42715,NIFTY25O1425650CE,"NIFTY",0,2025-10-14,25650,0.05,75,CE,NFO-OPT,NFO,2025-10-14
15084802,58925,NIFTY25OCT25200CE,"NIFTY",0,2025-10-28,25200,0.05,75,CE,NFO-OPT,NFO,2025-10-28
13538050,52883,BANKNIFTY25OCT49100PE,"BANKNIFTY",0,2025-10-28,49100,0.05,35,PE,NFO-OPT,NFO,2025-10-28
13572354,53017,BANKNIFTY25OCT54300CE,"BANKNIFTY",0,2025-10-28,54300,0.05,35,CE,NFO-OPT,NFO,2025-10-28
10935298,42716,NIFTY25O1425650PE,"NIFTY",0,2025-10-14,25650,0.05,75,PE,NFO-OPT,NFO,2025-10-14
13742082,53680,BANKNIFTY25OCT59700CE,"BANKNIFTY",0,2025-10-28,59700,0.05,35,CE,NFO-OPT,NFO,2025-10-28
10913538,42631,NIFTY25O1424350CE,"NIFTY",0,2025-10-14,24350,0.05,75,CE,NFO-OPT,NFO,2025-10-14
15091458,58951,NIFTY25OCT25600CE,"NIFTY",0,2025-10-28,25600,0.05,75,CE,NFO-OPT,NFO,2025-10-28
10936578,42721,NIFTY25O1425800CE,"NIFTY",0,2025-10-14,25800,0.05,75,CE,NFO-OPT,NFO,2025-10-14
13597698,53116,BANKNIFTY25OCT56800CE,"BANKNIFTY",0,2025-10-28,56800,0.05,35,CE,NFO-OPT,NFO,2025-10-28
15113474,59037,NIFTY25OCT26250CE,"NIFTY",0,2025-10-28,26250,0.05,75,CE,NFO-OPT,NFO,2025-10-28
10905602,42600,NIFTY25O1423750PE,"NIFTY",0,2025-10-14,23750,0.05,75,PE,NFO-OPT,NFO,2025-10-14
15037698,58741,NIFTY25OCT23350PE,"NIFTY",0,2025-10-28,23350,0.05,75,PE,NFO-OPT,NFO,2025-10-28
15048194,58782,NIFTY25OCT24350CE,"NIFTY",0,2025-10-28,24350,0.05,75,CE,NFO-OPT,NFO,2025-10-28
13592578,53096,BANKNIFTY25OCT55900CE,"BANKNIFTY",0,2025-10-28,55900,0.05,35,CE,NFO-OPT,NFO,2025-10-28
10948354,42767,NIFTY25O1426650CE,"NIFTY",0,2025-10-14,26650,0.05,75,CE,NFO-OPT,NFO,2025-10-14
13784066,53844,BANKNIFTY25OCT61000CE,"BANKNIFTY",0,2025-10-28,61000,0.05,35,CE,NFO-OPT,NFO,2025-10-28
13541122,52895,BANKNIFTY25OCT49600PE,"BANKNIFTY",0,2025-10-28,49600,0.05,35,PE,NFO-OPT,NFO,2025-10-28
10951938,42781,NIFTY25O1426950CE,"NIFTY",0,2025-10-14,26950,0.05,75,CE,NFO-OPT,NFO,2025-10-14
13620994,53207,BANKNIFTY25OCT58900CE,"BANKNIFTY",0,2025-10-28,58900,0.05,35,CE,NFO-OPT,NFO,2025-10-28
15077634,58897,NIFTY25OCT24800CE,"NIFTY",0,2025-10-28,24800,0.05,75,CE,NFO-OPT,NFO,2025-10-28
15046402,58775,NIFTY25OCT24150PE,"NIFTY",0,2025-10-28,24150,0.05,75,PE,NFO-OPT,NFO,2025-10-28
15081218,58911,NIFTY25OCT25050CE,"NIFTY",0,2025-10-28,25050,0.05,75,CE,NFO-OPT,NFO,2025-10-28
15032834,58722,NIFTY25OCT23000CE,"NIFTY",0,2025-10-28,23000,0.05,75,CE,NFO-OPT,NFO,2025-10-28
15115778,59046,NIFTY25OCT26450CE,"NIFTY",0,2025-10-28,26450,0.05,75,CE,NFO-OPT,NFO,2025-10-28
10944770,42753,NIFTY25O1426350CE,"NIFTY",0,2025-10-14,26350,0.05,75,CE,NFO-OPT,NFO,2025-10-14
13565698,52991,BANKNIFTY25OCT53700PE,"BANKNIFTY",0,2025-10-28,53700,0.05,35,PE,NFO-OPT,NFO,2025-10-28
10904322,42595,NIFTY25O1423700CE,"NIFTY",0,2025-10-14,23700,0.05,75,CE,NFO-OPT,NFO,2025-10-14
13535490,52873,BANKNIFTY25OCT48800PE,"BANKNIFTY",0,2025-10-28,48800,0.05,35,PE,NFO-OPT,NFO,2025-10-28
13544194,52907,BANKNIFTY25OCT49900PE,"BANKNIFTY",0,2025-10-28,49900,0.05,35,PE,NFO-OPT,NFO,2025-10-28
10907138,42606,NIFTY25O1423900PE,"NIFTY",0,2025-10-14,23900,0.05,75,PE,NFO-OPT,NFO,2025-10-14
15043074,58762,NIFTY25OCT23850CE,"NIFTY",0,2025-10-28,23850,0.05,75,CE,NFO-OPT,NFO,2025-10-28
10927874,42687,NIFTY25O1425200CE,"NIFTY",0,2025-10-14,25200,0.05,75,CE,NFO-OPT,NFO,2025-10-14
13601282,53130,BANKNIFTY25OCT57400CE,"BANKNIFTY",0,2025-10-28,57400,0.05,35,CE,NFO-OPT,NFO,2025-10-28
13543426,52904,BANKNIFTY25OCT49800CE,"BANKNIFTY",0,2025-10-28,49800,0.05,35,CE,NFO-OPT,NFO,2025-10-28
10890498,42541,NIFTY25O1423000CE,"NIFTY",0,2025-10-14,23000,0.05,75,CE,NFO-OPT,NFO,2025-10-14
15040002,58750,NIFTY25OCT23600CE,"NIFTY",0,2025-10-28,23600,0.05,75,CE,NFO-OPT,NFO,2025-10-28
10894850,42558,NIFTY25O1423250CE,"NIFTY",0,2025-10-14,23250,0.05,75,CE,NFO-OPT,NFO,2025-10-14
15043842,58765,NIFTY25OCT23900PE,"NIFTY",0,2025-10-28,23900,0.05,75,PE,NFO-OPT,NFO,2025-10-28
13575682,53030,BANKNIFTY25OCT54500PE,"BANKNIFTY",0,2025-10-28,54500,0.05,35,PE,NFO-OPT,NFO,2025-10-28
13757442,53740,BANKNIFTY25OCT60200CE,"BANKNIFTY",0,2025-10-28,60200,0.05,35,CE,NFO-OPT,NFO,2025-10-28
13563138,52981,BANKNIFTY25OCT53200PE,"BANKNIFTY",0,2025-10-28,53200,0.05,35,PE,NFO-OPT,NFO,2025-10-28
15042818,58761,NIFTY25OCT23800PE,"NIFTY",0,2025-10-28,23800,0.05,75,PE,NFO-OPT,NFO,2025-10-28
13747202,53700,BANKNIFTY25OCT59800PE,"BANKNIFTY",0,2025-10-28,59800,0.05,35,PE,NFO-OPT,NFO,2025-10-28
10922498,42666,NIFTY25O1424800PE,"NIFTY",0,2025-10-14,24800,0.05,75,PE,NFO-OPT,NFO,2025-10-14
13555202,52950,BANKNIFTY25OCT51900CE,"BANKNIFTY",0,2025-10-28,51900,0.05,35,CE,NFO-OPT,NFO,2025-10-28
10940930,42738,NIFTY25O1426050PE,"NIFTY",0,2025-10-14,26050,0.05,75,PE,NFO-OPT,NFO,2025-10-14
10951682,42780,NIFTY25O1426900PE,"NIFTY",0,2025-10-14,26900,0.05,75,PE,NFO-OPT,NFO,2025-10-14
10949378,42771,NIFTY25O1426750CE,"NIFTY",0,2025-10-14,26750,0.05,75,CE,NFO-OPT,NFO,2025-10-14
13557762,52960,BANKNIFTY25OCT52300CE,"BANKNIFTY",0,2025-10-28,52300,0.05,35,CE,NFO-OPT,NFO,2025-10-28
10916866,42644,NIFTY25O1424450PE,"NIFTY",0,2025-10-14,24450,0.05,75,PE,NFO-OPT,NFO,2025-10-14
15115266,59044,NIFTY25OCT26400CE,"NIFTY",0,2025-10-28,26400,0.05,75,CE,NFO-OPT,NFO,2025-10-28
15118082,59055,NIFTY25OCT26500PE,"NIFTY",0,2025-10-28,26500,0.05,75,PE,NFO-OPT,NFO,2025-10-28
15117826,59054,NIFTY25OCT26500CE,"NIFTY",0,2025-10-28,26500,0.05,75,CE,NFO-OPT,NFO,2025-10-28
10891010,42543,NIFTY25O1423050CE,"NIFTY",0,2025-10-14,23050,0.05,75,CE,NFO-OPT,NFO,2025-10-14
10925570,42678,NIFTY25O1425050PE,"NIFTY",0,2025-10-14,25050,0.05,75,PE,NFO-OPT,NFO,2025-10-14
13618178,53196,BANKNIFTY25OCT58700PE,"BANKNIFTY",0,2025-10-28,58700,0.05,35,PE,NFO-OPT,NFO,2025-10-28
13547522,52920,BANKNIFTY25OCT50500CE,"BANKNIFTY",0,2025-10-28,50500,0.05,35,CE,NFO-OPT,NFO,2025-10-28
13558530,52963,BANKNIFTY25OCT52400PE,"BANKNIFTY",0,2025-10-28,52400,0.05,35,PE,NFO-OPT,NFO,2025-10-28
10931970,42703,NIFTY25O1425400CE,"NIFTY",0,2025-10-14,25400,0.05,75,CE,NFO-OPT,NFO,2025-10-14
15027202,58700,NIFTY25OCT22700PE,"NIFTY",0,2025-10-28,22700,0.05,75,PE,NFO-OPT,NFO,2025-10-28
10912258,42626,NIFTY25O1424200PE,"NIFTY",0,2025-10-14,24200,0.05,75,PE,NFO-OPT,NFO,2025-10-14
10929154,42692,NIFTY25O1425250PE,"NIFTY",0,2025-10-14,25250,0.05,75,PE,NFO-OPT,NFO,2025-10-14
15113986,59039,NIFTY25OCT26300CE,"NIFTY",0,2025-10-28,26300,0.05,75,CE,NFO-OPT,NFO,2025-10-28
13564930,52988,BANKNIFTY25OCT53600CE,"BANKNIFTY",0,2025-10-28,53600,0.05,35,CE,NFO-OPT,NFO,2025-10-28
15069698,58866,NIFTY25OCT24650CE,"NIFTY",0,2025-10-28,24650,0.05,75,CE,NFO-OPT,NFO,2025-10-28
10918146,42649,NIFTY25O1424600CE,"NIFTY",0,2025-10-14,24600,0.05,75,CE,NFO-OPT,NFO,2025-10-14
10945026,42754,NIFTY25O1426350PE,"NIFTY",0,2025-10-14,26350,0.05,75,PE,NFO-OPT,NFO,2025-10-14
10904834,42597,NIFTY25O1423750CE,"NIFTY",0,2025-10-14,23750,0.05,75,CE,NFO-OPT,NFO,2025-10-14
13613314,53177,BANKNIFTY25OCT58300CE,"BANKNIFTY",0,2025-10-28,58300,0.05,35,CE,NFO-OPT,NFO,2025-10-28
10941698,42741,NIFTY25O1426150CE,"NIFTY",0,2025-10-14,26150,0.05,75,CE,NFO-OPT,NFO,2025-10-14
10944514,42752,NIFTY25O1426300PE,"NIFTY",0,2025-10-14,26300,0.05,75,PE,NFO-OPT,NFO,2025-10-14
13572866,53019,BANKNIFTY25OCT54400CE,"BANKNIFTY",0,2025-10-28,54400,0.05,35,CE,NFO-OPT,NFO,2025-10-28
10954754,42792,NIFTY25O1427100PE,"NIFTY",0,2025-10-14,27100,0.05,75,PE,NFO-OPT,NFO,2025-10-14
15126786,59089,NIFTY25OCT26600PE,"NIFTY",0,2025-10-28,26600,0.05,75,PE,NFO-OPT,NFO,2025-10-28
15130370,59103,NIFTY25OCT26800CE,"NIFTY",0,2025-10-28,26800,0.05,75,CE,NFO-OPT,NFO,2025-10-28
15026946,58699,NIFTY25OCT22700CE,"NIFTY",0,2025-10-28,22700,0.05,75,CE,NFO-OPT,NFO,2025-10-28
13616898,53191,BANKNIFTY25OCT58600CE,"BANKNIFTY",0,2025-10-28,58600,0.05,35,CE,NFO-OPT,NFO,2025-10-28
13593602,53100,BANKNIFTY25OCT56100CE,"BANKNIFTY",0,2025-10-28,56100,0.05,35,CE,NFO-OPT,NFO,2025-10-28
13768450,53783,BANKNIFTY25OCT60400CE,"BANKNIFTY",0,2025-10-28,60400,0.05,35,CE,NFO-OPT,NFO,2025-10-28
15038722,58745,NIFTY25OCT23450PE,"NIFTY",0,2025-10-28,23450,0.05,75,PE,NFO-OPT,NFO,2025-10-28
13681666,53444,BANKNIFTY25OCT59400PE,"BANKNIFTY",0,2025-10-28,59400,0.05,35,PE,NFO-OPT,NFO,2025-10-28
13548034,52922,BANKNIFTY25OCT50600CE,"BANKNIFTY",0,2025-10-28,50600,0.05,35,CE,NFO-OPT,NFO,2025-10-28
13604098,53141,BANKNIFTY25OCT57500PE,"BANKNIFTY",0,2025-10-28,57500,0.05,35,PE,NFO-OPT,NFO,2025-10-28
15029250,58708,NIFTY25OCT22750PE,"NIFTY",0,2025-10-28,22750,0.05,75,PE,NFO-OPT,NFO,2025-10-28
13540610,52893,BANKNIFTY25OCT49500PE,"BANKNIFTY",0,2025-10-28,49500,0.05,35,PE,NFO-OPT,NFO,2025-10-28
15112450,59033,NIFTY25OCT26200CE,"NIFTY",0,2025-10-28,26200,0.05,75,CE,NFO-OPT,NFO,2025-10-28
15129858,59101,NIFTY25OCT26750CE,"NIFTY",0,2025-10-28,26750,0.05,75,CE,NFO-OPT,NFO,2025-10-28
13523714,52827,BANKNIFTY25OCT47500PE,"BANKNIFTY",0,2025-10-28,47500,0.05,35,PE,NFO-OPT,NFO,2025-10-28
10948610,42768,NIFTY25O1426650PE,"NIFTY",0,2025-10-14,26650,0.05,75,PE,NFO-OPT,NFO,2025-10-14
13591298,53091,BANKNIFTY25OCT55600PE,"BANKNIFTY",0,2025-10-28,55600,0.05,35,PE,NFO-OPT,NFO,2025-10-28
10907906,42609,NIFTY25O1424000CE,"NIFTY",0,2025-10-14,24000,0.05,75,CE,NFO-OPT,NFO,2025-10-14
13540354,52892,BANKNIFTY25OCT49500CE,"BANKNIFTY",0,2025-10-28,49500,0.05,35,CE,NFO-OPT,NFO,2025-10-28
15042306,58759,NIFTY25OCT23750PE,"NIFTY",0,2025-10-28,23750,0.05,75,PE,NFO-OPT,NFO,2025-10-28
10946050,42758,NIFTY25O1426450PE,"NIFTY",0,2025-10-14,26450,0.05,75,PE,NFO-OPT,NFO,2025-10-14
15112706,59034,NIFTY25OCT26200PE,"NIFTY",0,2025-10-28,26200,0.05,75,PE,NFO-OPT,NFO,2025-10-28
10907394,42607,NIFTY25O1423950CE,"NIFTY",0,2025-10-14,23950,0.05,75,CE,NFO-OPT,NFO,2025-10-14
13538562,52885,BANKNIFTY25OCT49200PE,"BANKNIFTY",0,2025-10-28,49200,0.05,35,PE,NFO-OPT,NFO,2025-10-28
15048962,58785,NIFTY25OCT24400PE,"NIFTY",0,2025-10-28,24400,0.05,75,PE,NFO-OPT,NFO,2025-10-28
13556226,52954,BANKNIFTY25OCT52000CE,"BANKNIFTY",0,2025-10-28,52000,0.05,35,CE,NFO-OPT,NFO,2025-10-28
10939394,42732,NIFTY25O1425950PE,"NIFTY",0,2025-10-14,25950,0.05,75,PE,NFO-OPT,NFO,2025-10-14
15077890,58898,NIFTY25OCT24800PE,"NIFTY",0,2025-10-28,24800,0.05,75,PE,NFO-OPT,NFO,2025-10-28
15090178,58946,NIFTY25OCT25550CE,"NIFTY",0,2025-10-28,25550,0.05,75,CE,NFO-OPT,NFO,2025-10-28
13621250,53208,BANKNIFTY25OCT58900PE,"BANKNIFTY",0,2025-10-28,58900,0.05,35,PE,NFO-OPT,NFO,2025-10-28
13547266,52919,BANKNIFTY25OCT50400PE,"BANKNIFTY",0,2025-10-28,50400,0.05,35,PE,NFO-OPT,NFO,2025-10-28
15068162,58860,NIFTY25OCT24600PE,"NIFTY",0,2025-10-28,24600,0.05,75,PE,NFO-OPT,NFO,2025-10-28
15043586,58764,NIFTY25OCT23900CE,"NIFTY",0,2025-10-28,23900,0.05,75,CE,NFO-OPT,NFO,2025-10-28
15036930,58738,NIFTY25OCT23300CE,"NIFTY",0,2025-10-28,23300,0.05,75,CE,NFO-OPT,NFO,2025-10-28
13598722,53120,BANKNIFTY25OCT57000CE,"BANKNIFTY",0,2025-10-28,57000,0.05,35,CE,NFO-OPT,NFO,2025-10-28
10899458,42576,NIFTY25O1423350PE,"NIFTY",0,2025-10-14,23350,0.05,75,PE,NFO-OPT,NFO,2025-10-14
15119106,59059,NIFTY25OCT26550PE,"NIFTY",0,2025-10-28,26550,0.05,75,PE,NFO-OPT,NFO,2025-10-28
13533186,52864,BANKNIFTY25OCT48500CE,"BANKNIFTY",0,2025-10-28,48500,0.05,35,CE,NFO-OPT,NFO,2025-10-28
10901506,42584,NIFTY25O1423450PE,"NIFTY",0,2025-10-14,23450,0.05,75,PE,NFO-OPT,NFO,2025-10-14
10902018,42586,NIFTY25O1423500PE,"NIFTY",0,2025-10-14,23500,0.05,75,PE,NFO-OPT,NFO,2025-10-14
13563650,52983,BANKNIFTY25OCT53300PE,"BANKNIFTY",0,2025-10-28,53300,0.05,35,PE,NFO-OPT,NFO,2025-10-28
15037186,58739,NIFTY25OCT23300PE,"NIFTY",0,2025-10-28,23300,0.05,75,PE,NFO-OPT,NFO,2025-10-28
10935810,42718,NIFTY25O1425700PE,"NIFTY",0,2025-10-14,25700,0.05,75,PE,NFO-OPT,NFO,2025-10-14
13761538,53756,BANKNIFTY25OCT60300CE,"BANKNIFTY",0,2025-10-28,60300,0.05,35,CE,NFO-OPT,NFO,2025-10-28
15036418,58736,NIFTY25OCT23250CE,"NIFTY",0,2025-10-28,23250,0.05,75,CE,NFO-OPT,NFO,2025-10-28
15093506,58959,NIFTY25OCT25700PE,"NIFTY",0,2025-10-28,25700,0.05,75,PE,NFO-OPT,NFO,2025-10-28
15104770,59003,NIFTY25OCT25950PE,"NIFTY",0,2025-10-28,25950,0.05,75,PE,NFO-OPT,NFO,2025-10-28
13600770,53128,BANKNIFTY25OCT57300CE,"BANKNIFTY",0,2025-10-28,57300,0.05,35,CE,NFO-OPT,NFO,2025-10-28
10953218,42786,NIFTY25O1427050PE,"NIFTY",0,2025-10-14,27050,0.05,75,PE,NFO-OPT,NFO,2025-10-14
13605890,53148,BANKNIFTY25OCT57900CE,"BANKNIFTY",0,2025-10-28,57900,0.05,35,CE,NFO-OPT,NFO,2025-10-28
10889218,42536,NIFTY25O1422850PE,"NIFTY",0,2025-10-14,22850,0.05,75,PE,NFO-OPT,NFO,2025-10-14
13777154,53817,BANKNIFTY25OCT60500PE,"BANKNIFTY",0,2025-10-28,60500,0.05,35,PE,NFO-OPT,NFO,2025-10-28
10946818,42761,NIFTY25O1426550CE,"NIFTY",0,2025-10-14,26550,0.05,75,CE,NFO-OPT,NFO,2025-10-14
15132674,59112,NIFTY25OCT27000PE,"NIFTY",0,2025-10-28,27000,0.05,75,PE,NFO-OPT,NFO,2025-10-28
15084546,58924,NIFTY25OCT25150PE,"NIFTY",0,2025-10-28,25150,0.05,75,PE,NFO-OPT,NFO,2025-10-28
13551106,52934,BANKNIFTY25OCT51100CE,"BANKNIFTY",0,2025-10-28,51100,0.05,35,CE,NFO-OPT,NFO,2025-10-28
15113730,59038,NIFTY25OCT26250PE,"NIFTY",0,2025-10-28,26250,0.05,75,PE,NFO-OPT,NFO,2025-10-28
15038978,58746,NIFTY25OCT23500CE,"NIFTY",0,2025-10-28,23500,0.05,75,CE,NFO-OPT,NFO,2025-10-28
10943490,42748,NIFTY25O1426250PE,"NIFTY",0,2025-10-14,26250,0.05,75,PE,NFO-OPT,NFO,2025-10-14
15042562,58760,NIFTY25OCT23800CE,"NIFTY",0,2025-10-28,23800,0.05,75,CE,NFO-OPT,NFO,2025-10-28
10906882,42605,NIFTY25O1423900CE,"NIFTY",0,2025-10-14,23900,0.05,75,CE,NFO-OPT,NFO,2025-10-14
15076866,58894,NIFTY25OCT24700PE,"NIFTY",0,2025-10-28,24700,0.05,75,PE,NFO-OPT,NFO,2025-10-28
13778946,53824,BANKNIFTY25OCT60800CE,"BANKNIFTY",0,2025-10-28,60800,0.05,35,CE,NFO-OPT,NFO,2025-10-28
13551618,52936,BANKNIFTY25OCT51200CE,"BANKNIFTY",0,2025-10-28,51200,0.05,35,CE,NFO-OPT,NFO,2025-10-28
15049218,58786,NIFTY25OCT24450CE,"NIFTY",0,2025-10-28,24450,0.05,75,CE,NFO-OPT,NFO,2025-10-28
15096322,58970,NIFTY25OCT25850CE,"NIFTY",0,2025-10-28,25850,0.05,75,CE,NFO-OPT,NFO,2025-10-28
15045890,58773,NIFTY25OCT24100PE,"NIFTY",0,2025-10-28,24100,0.05,75,PE,NFO-OPT,NFO,2025-10-28
13538306,52884,BANKNIFTY25OCT49200CE,"BANKNIFTY",0,2025-10-28,49200,0.05,35,CE,NFO-OPT,NFO,2025-10-28
15131138,59106,NIFTY25OCT26850PE,"NIFTY",0,2025-10-28,26850,0.05,75,PE,NFO-OPT,NFO,2025-10-28
10936066,42719,NIFTY25O1425750CE,"NIFTY",0,2025-10-14,25750,0.05,75,CE,NFO-OPT,NFO,2025-10-14
15092226,58954,NIFTY25OCT25650PE,"NIFTY",0,2025-10-28,25650,0.05,75,PE,NFO-OPT,NFO,2025-10-28
10890242,42540,NIFTY25O1422950PE,"NIFTY",0,2025-10-14,22950,0.05,75,PE,NFO-OPT,NFO,2025-10-14
13546242,52915,BANKNIFTY25OCT50200PE,"BANKNIFTY",0,2025-10-28,50200,0.05,35,PE,NFO-OPT,NFO,2025-10-28
13617666,53194,BANKNIFTY25OCT58600PE,"BANKNIFTY",0,2025-10-28,58600,0.05,35,PE,NFO-OPT,NFO,2025-10-28
10906626,42604,NIFTY25O1423850PE,"NIFTY",0,2025-10-14,23850,0.05,75,PE,NFO-OPT,NFO,2025-10-14
10909698,42616,NIFTY25O1424100PE,"NIFTY",0,2025-10-14,24100,0.05,75,PE,NFO-OPT,NFO,2025-10-14
13535234,52872,BANKNIFTY25OCT48800CE,"BANKNIFTY",0,2025-10-28,48800,0.05,35,CE,NFO-OPT,NFO,2025-10-28
13610754,53167,BANKNIFTY25OCT58200CE,"BANKNIFTY",0,2025-10-28,58200,0.05,35,CE,NFO-OPT,NFO,2025-10-28
15126530,59088,NIFTY25OCT26600CE,"NIFTY",0,2025-10-28,26600,0.05,75,CE,NFO-OPT,NFO,2025-10-28
13553922,52945,BANKNIFTY25OCT51600PE,"BANKNIFTY",0,2025-10-28,51600,0.05,35,PE,NFO-OPT,NFO,2025-10-28
13884930,54238,BANKNIFTY25OCT62500CE,"BANKNIFTY",0,2025-10-28,62500,0.05,35,CE,NFO-OPT,NFO,2025-10-28
15133698,59116,NIFTY25OCT27100PE,"NIFTY",0,2025-10-28,27100,0.05,75,PE,NFO-OPT,NFO,2025-10-28
13563394,52982,BANKNIFTY25OCT53300CE,"BANKNIFTY",0,2025-10-28,53300,0.05,35,CE,NFO-OPT,NFO,2025-10-28
13559554,52967,BANKNIFTY25OCT52600PE,"BANKNIFTY",0,2025-10-28,52600,0.05,35,PE,NFO-OPT,NFO,2025-10-28
10898946,42574,NIFTY25O1423300PE,"NIFTY",0,2025-10-14,23300,0.05,75,PE,NFO-OPT,NFO,2025-10-14
15087362,58935,NIFTY25OCT25400PE,"NIFTY",0,2025-10-28,25400,0.05,75,PE,NFO-OPT,NFO,2025-10-28
13565186,52989,BANKNIFTY25OCT53600PE,"BANKNIFTY",0,2025-10-28,53600,0.05,35,PE,NFO-OPT,NFO,2025-10-28
15131650,59108,NIFTY25OCT26900PE,"NIFTY",0,2025-10-28,26900,0.05,75,PE,NFO-OPT,NFO,2025-10-28
10906114,42602,NIFTY25O1423800PE,"NIFTY",0,2025-10-14,23800,0.05,75,PE,NFO-OPT,NFO,2025-10-14
13594114,53102,BANKNIFTY25OCT56200CE,"BANKNIFTY",0,2025-10-28,56200,0.05,35,CE,NFO-OPT,NFO,2025-10-28
10932738,42706,NIFTY25O1425450PE,"NIFTY",0,2025-10-14,25450,0.05,75,PE,NFO-OPT,NFO,2025-10-14
13563906,52984,BANKNIFTY25OCT53400CE,"BANKNIFTY",0,2025-10-28,53400,0.05,35,CE,NFO-OPT,NFO,2025-10-28
10933506,42709,NIFTY25O1425500PE,"NIFTY",0,2025-10-14,25500,0.05,75,PE,NFO-OPT,NFO,2025-10-14
13779202,53825,BANKNIFTY25OCT60800PE,"BANKNIFTY",0,2025-10-28,60800,0.05,35,PE,NFO-OPT,NFO,2025-10-28
10903298,42591,NIFTY25O1423650CE,"NIFTY",0,2025-10-14,23650,0.05,75,CE,NFO-OPT,NFO,2025-10-14
15029506,58709,NIFTY25OCT22800CE,"NIFTY",0,2025-10-28,22800,0.05,75,CE,NFO-OPT,NFO,2025-10-28
13539842,52890,BANKNIFTY25OCT49400CE,"BANKNIFTY",0,2025-10-28,49400,0.05,35,CE,NFO-OPT,NFO,2025-10-28
10913026,42629,NIFTY25O1424300CE,"NIFTY",0,2025-10-14,24300,0.05,75,CE,NFO-OPT,NFO,2025-10-14
15084290,58923,NIFTY25OCT25150CE,"NIFTY",0,2025-10-28,25150,0.05,75,CE,NFO-OPT,NFO,2025-10-28
10902786,42589,NIFTY25O1423600CE,"NIFTY",0,2025-10-14,23600,0.05,75,CE,NFO-OPT,NFO,2025-10-14
15030786,58714,NIFTY25OCT22850PE,"NIFTY",0,2025-10-28,22850,0.05,75,PE,NFO-OPT,NFO,2025-10-28
13554690,52948,BANKNIFTY25OCT51800CE,"BANKNIFTY",0,2025-10-28,51800,0.05,35,CE,NFO-OPT,NFO,2025-10-28
10899202,42575,NIFTY25O1423350CE,"NIFTY",0,2025-10-14,23350,0.05,75,CE,NFO-OPT,NFO,2025-10-14
13542914,52902,BANKNIFTY25OCT49700CE,"BANKNIFTY",0,2025-10-28,49700,0.05,35,CE,NFO-OPT,NFO,2025-10-28
15026690,58698,NIFTY25OCT22650PE,"NIFTY",0,2025-10-28,22650,0.05,75,PE,NFO-OPT,NFO,2025-10-28
13543170,52903,BANKNIFTY25OCT49700PE,"BANKNIFTY",0,2025-10-28,49700,0.05,35,PE,NFO-OPT,NFO,2025-10-28
13545986,52914,BANKNIFTY25OCT50200CE,"BANKNIFTY",0,2025-10-28,50200,0.05,35,CE,NFO-OPT,NFO,2025-10-28
15115522,59045,NIFTY25OCT26400PE,"NIFTY",0,2025-10-28,26400,0.05,75,PE,NFO-OPT,NFO,2025-10-28
15027458,58701,NIFTY25OCT22750CE,"NIFTY",0,2025-10-28,22750,0.05,75,CE,NFO-OPT,NFO,2025-10-28
13596674,53112,BANKNIFTY25OCT56600CE,"BANKNIFTY",0,2025-10-28,56600,0.05,35,CE,NFO-OPT,NFO,2025-10-28
13545474,52912,BANKNIFTY25OCT50100CE,"BANKNIFTY",0,2025-10-28,50100,0.05,35,CE,NFO-OPT,NFO,2025-10-28
15035650,58733,NIFTY25OCT23150PE,"NIFTY",0,2025-10-28,23150,0.05,75,PE,NFO-OPT,NFO,2025-10-28
15025154,58692,NIFTY25OCT22600CE,"NIFTY",0,2025-10-28,22600,0.05,75,CE,NFO-OPT,NFO,2025-10-28
15046146,58774,NIFTY25OCT24150CE,"NIFTY",0,2025-10-28,24150,0.05,75,CE,NFO-OPT,NFO,2025-10-28
15051266,58794,NIFTY25OCT24550CE,"NIFTY",0,2025-10-28,24550,0.05,75,CE,NFO-OPT,NFO,2025-10-28
15132418,59111,NIFTY25OCT27000CE,"NIFTY",0,2025-10-28,27000,0.05,75,CE,NFO-OPT,NFO,2025-10-28
13565954,52992,BANKNIFTY25OCT53800CE,"BANKNIFTY",0,2025-10-28,53800,0.05,35,CE,NFO-OPT,NFO,2025-10-28
13577730,53038,BANKNIFTY25OCT54600PE,"BANKNIFTY",0,2025-10-28,54600,0.05,35,PE,NFO-OPT,NFO,2025-10-28
13608194,53157,BANKNIFTY25OCT58100CE,"BANKNIFTY",0,2025-10-28,58100,0.05,35,CE,NFO-OPT,NFO,2025-10-28
13684738,53456,BANKNIFTY25OCT59600PE,"BANKNIFTY",0,2025-10-28,59600,0.05,35,PE,NFO-OPT,NFO,2025-10-28
10918658,42651,NIFTY25O1424650CE,"NIFTY",0,2025-10-14,24650,0.05,75,CE,NFO-OPT,NFO,2025-10-14
13546498,52916,BANKNIFTY25OCT50300CE,"BANKNIFTY",0,2025-10-28,50300,0.05,35,CE,NFO-OPT,NFO,2025-10-28
15047426,58779,NIFTY25OCT24250PE,"NIFTY",0,2025-10-28,24250,0.05,75,PE,NFO-OPT,NFO,2025-10-28
15129602,59100,NIFTY25OCT26700PE,"NIFTY",0,2025-10-28,26700,0.05,75,PE,NFO-OPT,NFO,2025-10-28
13568002,53000,BANKNIFTY25OCT53900PE,"BANKNIFTY",0,2025-10-28,53900,0.05,35,PE,NFO-OPT,NFO,2025-10-28
15051010,58793,NIFTY25OCT24500PE,"NIFTY",0,2025-10-28,24500,0.05,75,PE,NFO-OPT,NFO,2025-10-28
13554434,52947,BANKNIFTY25OCT51700PE,"BANKNIFTY",0,2025-10-28,51700,0.05,35,PE,NFO-OPT,NFO,2025-10-28
13745922,53695,BANKNIFTY25OCT59800CE,"BANKNIFTY",0,2025-10-28,59800,0.05,35,CE,NFO-OPT,NFO,2025-10-28
13510658,52776,BANKNIFTY25OCT46000CE,"BANKNIFTY",0,2025-10-28,46000,0.05,35,CE,NFO-OPT,NFO,2025-10-28
15080194,58907,NIFTY25OCT24950CE,"NIFTY",0,2025-10-28,24950,0.05,75,CE,NFO-OPT,NFO,2025-10-28
13349122,52145,BANKNIFTY25OCTFUT,"BANKNIFTY",0,2025-10-28,0,0.2,35,FUT,NFO-FUT,NFO,2025-10-28
13547778,52921,BANKNIFTY25OCT50500PE,"BANKNIFTY",0,2025-10-28,50500,0.05,35,PE,NFO-OPT,NFO,2025-10-28
15033346,58724,NIFTY25OCT23050CE,"NIFTY",0,2025-10-28,23050,0.05,75,CE,NFO-OPT,NFO,2025-10-28
13555970,52953,BANKNIFTY25OCT51900PE,"BANKNIFTY",0,2025-10-28,51900,0.05,35,PE,NFO-OPT,NFO,2025-10-28
13527810,52843,BANKNIFTY25OCT48000PE,"BANKNIFTY",0,2025-10-28,48000,0.05,35,PE,NFO-OPT,NFO,2025-10-28
15103234,58997,NIFTY25OCT25900PE,"NIFTY",0,2025-10-28,25900,0.05,75,PE,NFO-OPT,NFO,2025-10-28
10931714,42702,NIFTY25O1425350PE,"NIFTY",0,2025-10-14,25350,0.05,75,PE,NFO-OPT,NFO,2025-10-14
15097346,58974,NIFTY25OCT25900CE,"NIFTY",0,2025-10-28,25900,0.05,75,CE,NFO-OPT,NFO,2025-10-28
15026434,58697,NIFTY25OCT22650CE,"NIFTY",0,2025-10-28,22650,0.05,75,CE,NFO-OPT,NFO,2025-10-28
13614594,53182,BANKNIFTY25OCT58500PE,"BANKNIFTY",0,2025-10-28,58500,0.05,35,PE,NFO-OPT,NFO,2025-10-28
15133954,59117,NIFTY25OCT27150CE,"NIFTY",0,2025-10-28,27150,0.05,75,CE,NFO-OPT,NFO,2025-10-28
13596162,53110,BANKNIFTY25OCT56500CE,"BANKNIFTY",0,2025-10-28,56500,0.05,35,CE,NFO-OPT,NFO,2025-10-28
13622274,53212,BANKNIFTY25OCT59100PE,"BANKNIFTY",0,2025-10-28,59100,0.05,35,PE,NFO-OPT,NFO,2025-10-28
13938178,54446,BANKNIFTY25OCT63000PE,"BANKNIFTY",0,2025-10-28,63000,0.05,35,PE,NFO-OPT,NFO,2025-10-28
15083778,58921,NIFTY25OCT25100CE,"NIFTY",0,2025-10-28,25100,0.05,75,CE,NFO-OPT,NFO,2025-10-28
10934530,42713,NIFTY25O1425600CE,"NIFTY",0,2025-10-14,25600,0.05,75,CE,NFO-OPT,NFO,2025-10-14
13549314,52927,BANKNIFTY25OCT50800PE,"BANKNIFTY",0,2025-10-28,50800,0.05,35,PE,NFO-OPT,NFO,2025-10-28
10948098,42766,NIFTY25O1426600PE,"NIFTY",0,2025-10-14,26600,0.05,75,PE,NFO-OPT,NFO,2025-10-14
10911234,42622,NIFTY25O1424200CE,"NIFTY",0,2025-10-14,24200,0.05,75,CE,NFO-OPT,NFO,2025-10-14
15130114,59102,NIFTY25OCT26750PE,"NIFTY",0,2025-10-28,26750,0.05,75,PE,NFO-OPT,NFO,2025-10-28
13550850,52933,BANKNIFTY25OCT51000PE,"BANKNIFTY",0,2025-10-28,51000,0.05,35,PE,NFO-OPT,NFO,2025-10-28
13535746,52874,BANKNIFTY25OCT48900CE,"BANKNIFTY",0,2025-10-28,48900,0.05,35,CE,NFO-OPT,NFO,2025-10-28
15131394,59107,NIFTY25OCT26900CE,"NIFTY",0,2025-10-28,26900,0.05,75,CE,NFO-OPT,NFO,2025-10-28
15041026,58754,NIFTY25OCT23650CE,"NIFTY",0,2025-10-28,23650,0.05,75,CE,NFO-OPT,NFO,2025-10-28
13591810,53093,BANKNIFTY25OCT55700PE,"BANKNIFTY",0,2025-10-28,55700,0.05,35,PE,NFO-OPT,NFO,2025-10-28
13747714,53702,BANKNIFTY25OCT59900PE,"BANKNIFTY",0,2025-10-28,59900,0.05,35,PE,NFO-OPT,NFO,2025-10-28
13549570,52928,BANKNIFTY25OCT50900CE,"BANKNIFTY",0,2025-10-28,50900,0.05,35,CE,NFO-OPT,NFO,2025-10-28
10950914,42777,NIFTY25O1426900CE,"NIFTY",0,2025-10-14,26900,0.05,75,CE,NFO-OPT,NFO,2025-10-14
15077378,58896,NIFTY25OCT24750PE,"NIFTY",0,2025-10-28,24750,0.05,75,PE,NFO-OPT,NFO,2025-10-28
10947074,42762,NIFTY25O1426550PE,"NIFTY",0,2025-10-14,26550,0.05,75,PE,NFO-OPT,NFO,2025-10-14
10916098,42641,NIFTY25O1424450CE,"NIFTY",0,2025-10-14,24450,0.05,75,CE,NFO-OPT,NFO,2025-10-14
13546754,52917,BANKNIFTY25OCT50300PE,"BANKNIFTY",0,2025-10-28,50300,0.05,35,PE,NFO-OPT,NFO,2025-10-28
15070210,58868,NIFTY25OCT24700CE,"NIFTY",0,2025-10-28,24700,0.05,75,CE,NFO-OPT,NFO,2025-10-28
13564674,52987,BANKNIFTY25OCT53500PE,"BANKNIFTY",0,2025-10-28,53500,0.05,35,PE,NFO-OPT,NFO,2025-10-28
15031554,58717,NIFTY25OCT22900PE,"NIFTY",0,2025-10-28,22900,0.05,75,PE,NFO-OPT,NFO,2025-10-28
10920962,42660,NIFTY25O1424750PE,"NIFTY",0,2025-10-14,24750,0.05,75,PE,NFO-OPT,NFO,2025-10-14
13565442,52990,BANKNIFTY25OCT53700CE,"BANKNIFTY",0,2025-10-28,53700,0.05,35,CE,NFO-OPT,NFO,2025-10-28
10955778,42796,NIFTY25O1427150PE,"NIFTY",0,2025-10-14,27150,0.05,75,PE,NFO-OPT,NFO,2025-10-14
15097090,58973,NIFTY25OCT25850PE,"NIFTY",0,2025-10-28,25850,0.05,75,PE,NFO-OPT,NFO,2025-10-28
15130882,59105,NIFTY25OCT26850CE,"NIFTY",0,2025-10-28,26850,0.05,75,CE,NFO-OPT,NFO,2025-10-28
15038210,58743,NIFTY25OCT23400PE,"NIFTY",0,2025-10-28,23400,0.05,75,PE,NFO-OPT,NFO,2025-10-28
13589250,53083,BANKNIFTY25OCT55300PE,"BANKNIFTY",0,2025-10-28,55300,0.05,35,PE,NFO-OPT,NFO,2025-10-28
15087874,58937,NIFTY25OCT25450PE,"NIFTY",0,2025-10-28,25450,0.05,75,PE,NFO-OPT,NFO,2025-10-28
15050754,58792,NIFTY25OCT24500CE,"NIFTY",0,2025-10-28,24500,0.05,75,CE,NFO-OPT,NFO,2025-10-28
10932994,42707,NIFTY25O1425500CE,"NIFTY",0,2025-10-14,25500,0.05,75,CE,NFO-OPT,NFO,2025-10-14
10901762,42585,NIFTY25O1423500CE,"NIFTY",0,2025-10-14,23500,0.05,75,CE,NFO-OPT,NFO,2025-10-14
13598466,53119,BANKNIFTY25OCT56900PE,"BANKNIFTY",0,2025-10-28,56900,0.05,35,PE,NFO-OPT,NFO,2025-10-28
13588482,53080,BANKNIFTY25OCT55200CE,"BANKNIFTY",0,2025-10-28,55200,0.05,35,CE,NFO-OPT,NFO,2025-10-28
10902274,42587,NIFTY25O1423550CE,"NIFTY",0,2025-10-14,23550,0.05,75,CE,NFO-OPT,NFO,2025-10-14
13549058,52926,BANKNIFTY25OCT50800CE,"BANKNIFTY",0,2025-10-28,50800,0.05,35,CE,NFO-OPT,NFO,2025-10-28
15085826,58929,NIFTY25OCT25300CE,"NIFTY",0,2025-10-28,25300,0.05,75,CE,NFO-OPT,NFO,2025-10-28
13554178,52946,BANKNIFTY25OCT51700CE,"BANKNIFTY",0,2025-10-28,51700,0.05,35,CE,NFO-OPT,NFO,2025-10-28
10918914,42652,NIFTY25O1424650PE,"NIFTY",0,2025-10-14,24650,0.05,75,PE,NFO-OPT,NFO,2025-10-14
13561090,52973,BANKNIFTY25OCT52900PE,"BANKNIFTY",0,2025-10-28,52900,0.05,35,PE,NFO-OPT,NFO,2025-10-28
15103490,58998,NIFTY25OCT25950CE,"NIFTY",0,2025-10-28,25950,0.05,75,CE,NFO-OPT,NFO,2025-10-28
13564418,52986,BANKNIFTY25OCT53500CE,"BANKNIFTY",0,2025-10-28,53500,0.05,35,CE,NFO-OPT,NFO,2025-10-28
15133442,59115,NIFTY25OCT27100CE,"NIFTY",0,2025-10-28,27100,0.05,75,CE,NFO-OPT,NFO,2025-10-28
13589762,53085,BANKNIFTY25OCT55400PE,"BANKNIFTY",0,2025-10-28,55400,0.05,35,PE,NFO-OPT,NFO,2025-10-28
13653250,53333,BANKNIFTY25OCT59300PE,"BANKNIFTY",0,2025-10-28,59300,0.05,35,PE,NFO-OPT,NFO,2025-10-28
13544706,52909,BANKNIFTY25OCT50000PE,"BANKNIFTY",0,2025-10-28,50000,0.05,35,PE,NFO-OPT,NFO,2025-10-28
10925314,42677,NIFTY25O1425050CE,"NIFTY",0,2025-10-14,25050,0.05,75,CE,NFO-OPT,NFO,2025-10-14
15026178,58696,NIFTY25OCT22600PE,"NIFTY",0,2025-10-28,22600,0.05,75,PE,NFO-OPT,NFO,2025-10-28
10937602,42725,NIFTY25O1425900CE,"NIFTY",0,2025-10-14,25900,0.05,75,CE,NFO-OPT,NFO,2025-10-14
13599490,53123,BANKNIFTY25OCT57000PE,"BANKNIFTY",0,2025-10-28,57000,0.05,35,PE,NFO-OPT,NFO,2025-10-28
13587202,53075,BANKNIFTY25OCT54900PE,"BANKNIFTY",0,2025-10-28,54900,0.05,35,PE,NFO-OPT,NFO,2025-10-28
13597186,53114,BANKNIFTY25OCT56700CE,"BANKNIFTY",0,2025-10-28,56700,0.05,35,CE,NFO-OPT,NFO,2025-10-28
13595906,53109,BANKNIFTY25OCT56400PE,"BANKNIFTY",0,2025-10-28,56400,0.05,35,PE,NFO-OPT,NFO,2025-10-28
10947330,42763,NIFTY25O1426600CE,"NIFTY",0,2025-10-14,26600,0.05,75,CE,NFO-OPT,NFO,2025-10-14
13538818,52886,BANKNIFTY25OCT49300CE,"BANKNIFTY",0,2025-10-28,49300,0.05,35,CE,NFO-OPT,NFO,2025-10-28
15088130,58938,NIFTY25OCT25500CE,"NIFTY",0,2025-10-28,25500,0.05,75,CE,NFO-OPT,NFO,2025-10-28
15087618,58936,NIFTY25OCT25450CE,"NIFTY",0,2025-10-28,25450,0.05,75,CE,NFO-OPT,NFO,2025-10-28
10922754,42667,NIFTY25O1424850CE,"NIFTY",0,2025-10-14,24850,0.05,75,CE,NFO-OPT,NFO,2025-10-14
15047682,58780,NIFTY25OCT24300CE,"NIFTY",0,2025-10-28,24300,0.05,75,CE,NFO-OPT,NFO,2025-10-28
10948866,42769,NIFTY25O1426700CE,"NIFTY",0,2025-10-14,26700,0.05,75,CE,NFO-OPT,NFO,2025-10-14
10950658,42776,NIFTY25O1426850PE,"NIFTY",0,2025-10-14,26850,0.05,75,PE,NFO-OPT,NFO,2025-10-14
13758722,53745,BANKNIFTY25OCT60200PE,"BANKNIFTY",0,2025-10-28,60200,0.05,35,PE,NFO-OPT,NFO,2025-10-28
13599746,53124,BANKNIFTY25OCT57100CE,"BANKNIFTY",0,2025-10-28,57100,0.05,35,CE,NFO-OPT,NFO,2025-10-28
